name,mae,rmse,seconds,features,hidden,loss,learning_rate,weight_decay,batch_size,seed,best_epoch
rtx5090_0149,0.16397771325394891,0.2537353412787094,7.26,point,128-64-32,mae,0.0007,0.02,4096,202,53
rtx5090_0073,0.16406174198908524,0.25371512639734856,7.51,point,128-64-32,mae,0.0007,0.005,4096,202,45
rtx5090_0443,0.16426122198002008,0.25308985808122436,8.19,point,256-128-64,mae,0.0003,0.02,4096,303,35
rtx5090_0143,0.16433304609865154,0.25201938918778355,17.16,point,128-64-32,mae,0.002,0.005,1024,101,9
rtx5090_0046,0.16448270868484335,0.25105729730255405,11.08,point,1024-512-256,mae,0.0003,0.005,1024,101,9
rtx5090_0521,0.16468348678474723,0.25361307409943823,7.31,point,1024-512-256,huber,0.002,0.02,1024,303,5
rtx5090_0009,0.16468958765074654,0.25291104807770526,10.04,point,256-128-64,mae,0.0007,0.005,4096,303,18
rtx5090_0185,0.1647027623925714,0.25164084326191755,15.53,point,128-64-32,mae,0.0007,0.005,1024,303,15
rtx5090_0227,0.16471424630081136,0.25410270866830603,3.71,point,256-128-64,mae,0.002,0.02,4096,303,8
rtx5090_0431,0.16473521856904091,0.25229244463100825,16.96,point,128-64-32,mae,0.002,0.02,1024,101,9
rtx5090_0144,0.16478933914534005,0.2535563974675618,5.87,point,256-128-64,mae,0.0007,0.02,4096,303,17
rtx5090_0320,0.1648024278191912,0.25434379143182184,22.63,point,128-64-32,mae,0.0003,0.02,1024,303,28
rtx5090_0492,0.16484199190171472,0.25019902350507905,9.97,point,1024-512-256,mae,0.002,0.005,1024,101,3
rtx5090_0077,0.16484609547106144,0.25396725660492536,20.79,point,256-128-64,mae,0.0003,0.02,1024,101,15
rtx5090_0416,0.1648718872614664,0.2542852074047933,20.97,point,128-64-32,mae,0.0003,0.005,1024,303,28
rtx5090_0019,0.1649080132912874,0.2533846466628207,6.93,point,256-128-64,mae,0.0003,0.005,4096,101,35
rtx5090_0191,0.1650110209211781,0.2525555104748195,5.17,point,128-64-32,mae,0.0007,0.005,4096,303,36
rtx5090_0534,0.1650116655011892,0.251110791687406,13.83,point,256-128-64,mae,0.002,0.02,1024,303,4
rtx5090_0124,0.16504482303340662,0.2534950303534912,4.85,point,128-64-32,mae,0.002,0.02,4096,101,18
rtx5090_0422,0.16507381845412072,0.2506099699055501,2.22,point,1024-512-256,huber,0.002,0.005,4096,303,6
rtx5090_0253,0.1650847303370981,0.24915625280360168,4.91,point,128-64-32,huber,0.002,0.005,4096,202,13
rtx5090_0477,0.16515950716279468,0.2497421896153473,4.11,point,128-64-32,huber,0.002,0.02,4096,101,17
rtx5090_0260,0.16516362463190656,0.25449239383258504,10.17,point,1024-512-256,mae,0.002,0.02,1024,202,2
rtx5090_0447,0.16516972786450992,0.24972671728227877,3.88,point,256-128-64,huber,0.002,0.005,4096,303,8
rtx5090_0080,0.1651702392046024,0.25083341762345174,2.41,point,1024-512-256,huber,0.002,0.02,4096,303,6
rtx5090_0317,0.16522264804126144,0.2536024572733441,8.03,point,128-64-32,mae,0.0003,0.005,4096,101,53
rtx5090_0188,0.16524365379891381,0.25479389484209647,2.67,point,1024-512-256,mae,0.0003,0.005,4096,202,15
rtx5090_0456,0.16524521268675116,0.2548687090546802,22.89,point,128-64-32,mae,0.0007,0.005,1024,101,13
rtx5090_0402,0.1652618676358927,0.25032706515545244,3.64,point,256-128-64,huber,0.002,0.02,4096,303,8
rtx5090_0183,0.1652660993617107,0.2533736775678007,4.14,point,256-128-64,mae,0.0007,0.005,4096,101,21
rtx5090_0564,0.16530705214811967,0.25374529164184184,9.42,point,128-64-32,mae,0.0003,0.02,4096,101,53
rtx5090_0275,0.1653072812649066,0.24878826069363585,6.34,point,1024-512-256,huber,0.002,0.005,1024,101,3
rtx5090_0470,0.1653432750788543,0.2556619877111755,4.66,point,256-128-64,mae,0.002,0.005,4096,101,8
rtx5090_0387,0.16536136751543237,0.2486202581535016,5.53,point,128-64-32,huber,0.0007,0.02,4096,101,29
rtx5090_0118,0.16538380915063627,0.253508904071438,7.23,point,128-64-32,mae,0.002,0.02,4096,303,16
rtx5090_0445,0.16538491471367925,0.2505679899309593,21.09,point,256-128-64,huber,0.0003,0.005,1024,101,18
rtx5090_0488,0.16539946095112956,0.25376326708459834,4.78,point,512-256-128,mae,0.0003,0.005,4096,303,17
rtx5090_0268,0.16540208052343405,0.25545781669715684,5.47,point,256-128-64,mae,0.002,0.005,4096,303,8
rtx5090_0409,0.16544037014718904,0.24904652258444626,5.83,point,256-128-64,huber,0.0003,0.02,4096,101,31
rtx5090_0021,0.1654482215720052,0.24970636413121317,3.42,point,1024-512-256,huber,0.0003,0.005,4096,202,13
rtx5090_0558,0.1654749827465423,0.2538736021152248,9.43,point,1024-512-256,mae,0.0003,0.005,1024,202,6
rtx5090_0596,0.1654793031403542,0.2527701480303493,2.25,point,512-512-256-128,huber,0.002,0.005,4096,303,6
rtx5090_0148,0.16550850943074058,0.2500940123028245,5.84,point,128-64-32,huber,0.002,0.005,4096,101,12
rtx5090_0377,0.1655340321270468,0.24945055539277286,27.05,point,128-64-32,huber,0.0003,0.02,1024,303,33
rtx5090_0381,0.16553650736890882,0.24811292503666496,5.76,point,256-128-64,huber,0.0003,0.005,4096,303,35
rtx5090_0101,0.16558122764769284,0.25304256925563434,10.2,point,1024-512-256,mae,0.0003,0.005,1024,303,4
rtx5090_0446,0.1656079876207144,0.25474513387622855,4.16,point,512-256-128,mae,0.0007,0.005,4096,303,16
rtx5090_0465,0.16561031080407332,0.25576498348307636,2.88,point,1024-512-256,mae,0.0003,0.005,4096,303,14
rtx5090_0033,0.1656327685504605,0.2496770446543619,19.91,point,128-64-32,huber,0.0003,0.005,1024,101,23
rtx5090_0351,0.16565578398380315,0.24825245898045747,5.97,point,256-128-64,huber,0.0003,0.02,4096,303,35
rtx5090_0230,0.16566120473644583,0.25102210413069076,2.2,point,512-256-128,huber,0.002,0.005,4096,202,6
rtx5090_0294,0.1656704301534363,0.2501735578228341,20.0,point,128-64-32,huber,0.0003,0.02,1024,101,23
rtx5090_0162,0.16570897188960942,0.25160292364111203,20.31,point,128-64-32,huber,0.0007,0.005,1024,101,23
rtx5090_0388,0.16571920802939907,0.25083004240843054,2.5,point,512-256-128,huber,0.002,0.005,4096,303,6
rtx5090_0452,0.16572948141660646,0.25005318397988474,18.11,point,128-64-32,huber,0.0007,0.02,1024,101,13
rtx5090_0093,0.16573983950609314,0.2508266275658566,2.96,point,512-256-128,huber,0.002,0.02,4096,303,6
rtx5090_0218,0.16576255165915058,0.25505978966183673,9.91,point,128-64-32,mae,0.0003,0.005,4096,303,50
rtx5090_0582,0.16579497944969737,0.2555240924574399,1.68,point,512-256-128,mae,0.002,0.005,4096,303,8
rtx5090_0049,0.16581949308604985,0.25516764880314335,8.8,point,128-64-32,mae,0.0003,0.02,4096,303,50
rtx5090_0274,0.1658237329551237,0.24978469157059185,13.24,point,512-512-256-128,mae,0.002,0.005,1024,101,3
rtx5090_0232,0.16582464517801243,0.25188923483536635,11.08,point,1024-512-256,mae,0.0007,0.005,1024,202,6
rtx5090_0550,0.16583659360273495,0.2535256617852519,8.63,point,1024-512-256,mae,0.0003,0.02,1024,303,4
rtx5090_0217,0.16584612656682798,0.2562680539022055,3.01,point,1024-512-256,mae,0.0003,0.02,4096,303,14
rtx5090_0150,0.16587374410284828,0.25340793139912765,8.13,point,1024-512-256,huber,0.0007,0.02,1024,303,5
rtx5090_0295,0.1658812207298264,0.25555607573256356,8.45,point,1024-512-256,mae,0.0007,0.005,1024,303,8
rtx5090_0599,0.16588216319714277,0.2533361710230199,3.05,point,256-128-64,mae,0.002,0.02,4096,202,9
rtx5090_0553,0.16588903797911617,0.253197333193347,12.4,point,256-128-64,mae,0.002,0.005,1024,202,6
rtx5090_0265,0.1658978370289614,0.25607962776670806,2.9,point,512-256-128,mae,0.002,0.005,4096,202,6
rtx5090_0352,0.16591819665346846,0.25396847350430574,14.17,point,512-512-256-128,mae,0.0003,0.02,1024,101,9
rtx5090_0528,0.16592171379922543,0.25080124043818364,11.73,point,512-512-256-128,mae,0.002,0.02,1024,101,3
rtx5090_0529,0.16602094226809758,0.2552640759692324,3.48,point,1024-512-256,mae,0.0007,0.005,4096,101,11
rtx5090_0504,0.16603450301464429,0.2546463455561794,6.04,point,1024-512-256,huber,0.0007,0.005,1024,303,5
rtx5090_0134,0.16603968081355247,0.24787152818349267,3.13,point,256-128-64,huber,0.002,0.02,4096,101,8
rtx5090_0527,0.16604270332633322,0.2551877957190687,19.51,point,256-128-64,mae,0.0003,0.005,1024,303,14
rtx5090_0203,0.16606427817889882,0.2518613809651461,2.72,point,1024-512-256,huber,0.002,0.005,4096,202,5
rtx5090_0235,0.16609070457754452,0.25548271901104286,2.99,point,512-256-128,mae,0.002,0.005,4096,101,11
rtx5090_0482,0.1661244743777871,0.2516142108496031,5.84,point,1024-512-256,huber,0.0003,0.02,1024,202,4
rtx5090_0222,0.16613896759809077,0.25655242149751023,11.68,point,256-128-64,mae,0.0007,0.005,1024,303,8
rtx5090_0304,0.16613922702362216,0.25483562260579257,10.29,point,128-64-32,mae,0.0003,0.005,4096,202,72
rtx5090_0526,0.16614323669383718,0.25661827358375444,2.42,point,512-256-128,mae,0.002,0.02,4096,202,6
rtx5090_0362,0.16616972214524348,0.25532643983723796,17.75,point,256-128-64,mae,0.0003,0.02,1024,303,14
rtx5090_0315,0.16620192454755384,0.25558186943412287,3.33,point,512-256-128,mae,0.002,0.02,4096,303,8
rtx5090_0091,0.166206021662131,0.25518645966063336,10.46,point,128-64-32,mae,0.0003,0.02,4096,202,72
rtx5090_0361,0.16621303601922927,0.256178913029514,2.78,point,1024-512-256,mae,0.002,0.02,4096,101,8
rtx5090_0562,0.166264565140648,0.25028617360665695,3.74,point,256-128-64,huber,0.0007,0.02,4096,101,17
rtx5090_0511,0.16626544448192052,0.2570646209275986,16.25,point,256-128-64,mae,0.0007,0.02,1024,303,8
rtx5090_0429,0.16626679202174943,0.2515217316225819,2.87,point,1024-512-256,huber,0.002,0.02,4096,202,5
rtx5090_0030,0.16626851650468996,0.2529866929455007,11.91,point,512-512-256-128,huber,0.0007,0.005,1024,101,4
rtx5090_0153,0.16627426842276538,0.249396532772434,15.08,point,256-128-64,huber,0.0003,0.005,1024,303,14
rtx5090_0255,0.16627890641957094,0.25379244813576224,14.98,point,512-256-128,mae,0.0003,0.005,1024,101,11
rtx5090_0216,0.1662868229061028,0.24871967530971795,4.35,point,256-128-64,huber,0.0007,0.005,4096,101,21
rtx5090_0020,0.16631359125096368,0.2560786945500412,15.42,point,512-256-128,mae,0.0007,0.02,1024,202,6
rtx5090_0002,0.16632483062415812,0.25393705136806605,1.19,point,512-512-256-128,huber,0.002,0.005,4096,202,6
rtx5090_0127,0.16636206860851846,0.2486826565748308,4.39,point,256-128-64,huber,0.002,0.005,4096,101,8
rtx5090_0104,0.16638143892825658,0.25153475289327976,8.64,point,1024-512-256,huber,0.0003,0.005,1024,101,6
rtx5090_0380,0.16638772241930558,0.2507229541408594,7.46,point,1024-512-256,huber,0.002,0.02,1024,101,3
rtx5090_0455,0.16639398309270506,0.25598003068022596,4.08,point,512-512-256-128,mae,0.0003,0.02,4096,303,17
rtx5090_0557,0.1664031048520036,0.25639188827997894,6.05,point,256-128-64,mae,0.0007,0.02,1024,202,13
rtx5090_0399,0.1664261268753149,0.2576712403133901,4.37,point,512-256-128,mae,0.0007,0.005,4096,202,15
rtx5090_0263,0.16643895514457369,0.25175961524652196,3.16,point,512-512-256-128,huber,0.0003,0.02,4096,303,14
rtx5090_0583,0.1664431770456085,0.2556932267680016,13.89,point,512-256-128,mae,0.0007,0.005,1024,202,6
rtx5090_0131,0.1664570376421624,0.25662536349821863,4.98,point,512-512-256-128,mae,0.0003,0.005,4096,303,16
rtx5090_0307,0.1664706842165025,0.25493512826759673,11.08,point,1024-512-256,mae,0.0007,0.02,1024,101,3
rtx5090_0066,0.16647422820201416,0.25372719269629984,3.25,point,512-512-256-128,huber,0.0003,0.02,4096,101,21
rtx5090_0023,0.1664744326198605,0.25161278257018155,15.37,point,256-128-64,huber,0.0007,0.005,1024,303,8
rtx5090_0391,0.1664887269669849,0.25306291003899506,4.1,point,512-512-256-128,huber,0.0007,0.02,4096,303,8
rtx5090_0079,0.16652263876844253,0.2532693005297257,3.35,point,1024-512-256,mae,0.002,0.005,4096,101,6
rtx5090_0458,0.16652369046352675,0.2530170244509527,3.87,point,512-512-256-128,mae,0.0007,0.005,4096,101,8
rtx5090_0374,0.16652389000442572,0.2546151720624426,26.34,point,128-64-32,mae,0.0003,0.005,1024,202,34
rtx5090_0433,0.16652811915603966,0.2491287002768226,14.49,point,128-64-32,huber,0.0007,0.02,1024,303,15
rtx5090_0113,0.1665295904307906,0.253879106212785,4.15,point,512-512-256-128,huber,0.0003,0.005,4096,101,21
rtx5090_0156,0.16654373807205217,0.2519640165279128,3.61,point,512-512-256-128,huber,0.0003,0.005,4096,303,14
rtx5090_0357,0.16654444576440816,0.2513262717315173,13.67,point,512-256-128,mae,0.002,0.02,1024,303,4
rtx5090_0471,0.16654730107944402,0.25301203897125074,3.77,point,512-512-256-128,huber,0.0007,0.005,4096,303,8
rtx5090_0197,0.1665499777416493,0.2555830092022465,11.12,point,512-256-128,mae,0.002,0.02,1024,101,3
rtx5090_0298,0.16656955471849666,0.25445886424409486,4.24,point,512-256-128,mae,0.0007,0.02,4096,101,20
rtx5090_0155,0.16659817868771531,0.25449256037856716,16.36,point,512-256-128,mae,0.0003,0.02,1024,101,11
rtx5090_0535,0.16665301332786683,0.2554106160555843,14.14,point,512-512-256-128,mae,0.0007,0.005,1024,101,8
rtx5090_0200,0.16667597148347116,0.25248537782132563,2.6,point,512-256-128,huber,0.0007,0.005,4096,303,8
rtx5090_0165,0.16669252592841283,0.2535448923031935,3.54,point,256-128-64,huber,0.002,0.02,4096,202,7
rtx5090_0206,0.16671274685055654,0.25695181918997195,15.49,point,512-256-128,mae,0.0003,0.005,1024,202,13
rtx5090_0560,0.16672336075919203,0.24985356731164302,3.15,point,1024-512-256,huber,0.0003,0.005,4096,101,17
rtx5090_0011,0.16673387064391287,0.2561494231938464,12.04,point,256-128-64,mae,0.0003,0.005,4096,202,38
rtx5090_0072,0.16677461495855012,0.25267350409597683,2.95,point,512-256-128,huber,0.0003,0.005,4096,202,15
rtx5090_0565,0.16678985431876628,0.2588893069025108,3.73,point,1024-512-256,mae,0.0007,0.02,1024,303,8
rtx5090_0395,0.16679744514699846,0.24335320156060264,11.34,point,512-512-256-128,mae,0.002,0.005,1024,303,4
rtx5090_0013,0.16679761064355828,0.24966903023056164,18.02,point,128-64-32,huber,0.0007,0.005,1024,303,15
rtx5090_0533,0.16680122557362215,0.2527224094127402,1.83,point,512-256-128,huber,0.0003,0.02,4096,202,15
rtx5090_0121,0.16680491129844824,0.2567058254797518,20.21,point,128-64-32,mae,0.0007,0.005,1024,202,10
rtx5090_0575,0.1668591811501436,0.2554777908341399,4.15,point,512-256-128,mae,0.0007,0.005,4096,101,20
rtx5090_0125,0.16688026573747441,0.2575005403431658,17.45,point,512-256-128,mae,0.0003,0.02,1024,202,13
rtx5090_0223,0.1668810875533177,0.25773689690901913,10.74,point,512-256-128,mae,0.0007,0.005,1024,303,5
rtx5090_0440,0.16688317656471535,0.25624122171854025,3.24,point,512-512-256-128,mae,0.0007,0.005,4096,303,14
rtx5090_0088,0.1668983371606498,0.25323986547525273,9.13,point,1024-512-256,huber,0.0003,0.005,1024,303,8
rtx5090_0556,0.1669189359491071,0.25617721188842246,3.08,point,512-512-256-128,mae,0.0003,0.005,4096,101,10
rtx5090_0561,0.16693214810760762,0.2515123422777364,13.78,point,512-256-128,huber,0.0003,0.02,1024,202,6
rtx5090_0172,0.1669374735049882,0.2575651939951059,18.38,point,256-128-64,mae,0.0007,0.005,1024,202,6
rtx5090_0042,0.1669557969384138,0.25143357907768865,14.05,point,512-256-128,huber,0.0003,0.005,1024,202,6
rtx5090_0293,0.1670136279184239,0.2571766593040304,11.99,point,512-256-128,huber,0.002,0.02,1024,303,5
rtx5090_0438,0.1670234605082954,0.2553361656813916,19.56,point,256-128-64,mae,0.0003,0.02,1024,202,19
rtx5090_0182,0.1670347960639262,0.2538234842803312,3.15,point,512-256-128,huber,0.0007,0.02,4096,101,8
rtx5090_0242,0.16703530459903143,0.2584186678638136,2.92,point,512-512-256-128,mae,0.002,0.02,4096,202,6
rtx5090_0485,0.16704869023279426,0.25379183556668394,5.72,trajectory,256-128-64,huber,0.0003,0.02,4096,202,38
rtx5090_0296,0.16705210631752376,0.2575517783393491,4.69,point,256-128-64,mae,0.0007,0.005,4096,202,15
rtx5090_0576,0.16705540313677048,0.25662021181649713,6.82,point,256-128-64,mae,0.002,0.02,1024,202,1
rtx5090_0592,0.16707077159641204,0.25441865704454175,3.27,point,512-256-128,huber,0.0007,0.005,1024,202,1
rtx5090_0441,0.16711943255432943,0.2544815879319542,10.2,point,512-256-128,huber,0.0007,0.02,1024,202,1
rtx5090_0111,0.16712075707897378,0.2520525914486574,15.45,point,512-256-128,huber,0.0003,0.02,1024,303,8
rtx5090_0444,0.16716917500781142,0.25277355203808255,4.78,point,256-128-64,huber,0.0007,0.02,4096,202,15
rtx5090_0301,0.16717172201167566,0.25718508010956215,15.9,point,512-512-256-128,mae,0.0007,0.02,1024,101,3
rtx5090_0065,0.1671728768072408,0.2570636640845011,11.11,point,1024-512-256,mae,0.0007,0.02,1024,202,4
rtx5090_0344,0.1671750173667564,0.2519362008633225,13.08,point,512-256-128,huber,0.0003,0.02,1024,101,6
rtx5090_0538,0.16717881159086337,0.24807901677900293,2.74,point,1024-512-256,huber,0.0007,0.02,4096,101,11
rtx5090_0252,0.16718358234332747,0.2519492032076491,11.76,point,512-256-128,huber,0.0003,0.005,1024,303,8
rtx5090_0233,0.16719532424985623,0.2572081945125638,4.76,point,512-256-128,mae,0.0003,0.02,4096,202,23
rtx5090_0468,0.16721113665554968,0.25354069458159095,2.82,point,512-512-256-128,mae,0.0007,0.02,4096,101,8
rtx5090_0347,0.16722795327540002,0.2527402504946772,3.75,point,256-128-64,huber,0.0007,0.005,4096,202,15
rtx5090_0398,0.16723390018164608,0.2585937508348461,3.28,point,512-512-256-128,mae,0.0007,0.02,4096,303,8
rtx5090_0099,0.16727840922212334,0.2582040304402911,4.21,point,512-256-128,mae,0.0003,0.005,4096,202,15
rtx5090_0453,0.16730106814150708,0.25210785481980313,16.57,point,256-128-64,huber,0.0007,0.005,1024,202,6
rtx5090_0074,0.16736472875583364,0.24979123920104632,21.85,point,128-64-32,huber,0.0007,0.02,1024,202,25
rtx5090_0146,0.16737046873143233,0.2513379792996682,12.73,point,256-128-64,huber,0.002,0.02,1024,101,3
rtx5090_0355,0.16737386547082744,0.252592057453792,13.89,point,256-128-64,huber,0.002,0.005,1024,101,5
rtx5090_0024,0.1673771647881252,0.2548196957491817,10.58,point,1024-512-256,mae,0.002,0.005,1024,303,1
rtx5090_0368,0.16738500628562653,0.2563272835774024,3.16,point,512-512-256-128,mae,0.0007,0.02,4096,202,9
rtx5090_0092,0.16739296330688866,0.2521146441560731,11.74,point,256-128-64,huber,0.002,0.005,1024,202,4
rtx5090_0419,0.16742142764699913,0.2559271869640509,11.58,point,512-512-256-128,mae,0.0007,0.005,1024,202,6
rtx5090_0147,0.16745898211046242,0.25441849388911814,6.9,trajectory,256-128-64,huber,0.0003,0.005,4096,202,38
rtx5090_0530,0.16753944677177268,0.25619257168827864,3.31,point,512-512-256-128,mae,0.0007,0.005,4096,202,9
rtx5090_0158,0.16755320356026743,0.25806656425310187,13.07,point,512-512-256-128,mae,0.0003,0.02,1024,202,6
rtx5090_0544,0.1675798715730205,0.24902859290145588,18.74,point,128-64-32,huber,0.0007,0.005,1024,202,25
rtx5090_0040,0.16759247206219507,0.2543223701102807,12.34,point,512-512-256-128,huber,0.0007,0.02,1024,202,2
rtx5090_0473,0.16760313198153015,0.25411523352785903,10.56,point,512-512-256-128,huber,0.0007,0.005,1024,202,2
rtx5090_0290,0.16765625272825524,0.25597715601215393,11.24,point,512-512-256-128,huber,0.0007,0.005,1024,303,5
rtx5090_0586,0.16770509230067412,0.2516511414171411,12.02,point,128-64-32,huber,0.0003,0.005,1024,202,34
rtx5090_0411,0.16770660430814047,0.25458274110473317,2.87,point,512-512-256-128,huber,0.0007,0.02,4096,202,6
rtx5090_0424,0.16771109312806223,0.2562013699282609,10.62,point,512-512-256-128,huber,0.0003,0.02,1024,202,1
rtx5090_0491,0.16775398393485466,0.2540098915176143,12.37,point,512-512-256-128,huber,0.0003,0.02,1024,101,6
rtx5090_0512,0.16775818389636896,0.2565236119435253,2.36,point,512-512-256-128,mae,0.002,0.02,4096,101,6
rtx5090_0358,0.1677955545125359,0.2543486509288857,13.57,point,512-256-128,huber,0.0007,0.02,1024,303,8
rtx5090_0264,0.16782393053870723,0.25825769665261245,11.88,point,512-256-128,mae,0.002,0.02,1024,202,2
rtx5090_0064,0.16785208296611348,0.252121813507865,21.01,point,128-64-32,huber,0.0003,0.02,1024,202,23
rtx5090_0081,0.1678834190424731,0.25340639070714494,4.62,point,256-128-64,huber,0.0003,0.02,4096,202,30
rtx5090_0384,0.1679223754816678,0.2547697374578077,2.96,point,512-512-256-128,mae,0.002,0.005,4096,101,7
rtx5090_0579,0.168031822210089,0.24582847240359287,8.93,point,1024-512-256,huber,0.002,0.02,1024,202,2
rtx5090_0517,0.16806455554592264,0.25697336179709923,11.15,point,512-256-128,huber,0.002,0.005,1024,101,4
rtx5090_0476,0.1680796060145788,0.259361939335026,9.74,point,512-512-256-128,mae,0.002,0.02,1024,303,1
rtx5090_0479,0.16809128377077723,0.254041288160271,2.64,point,512-256-128,huber,0.002,0.02,4096,101,8
rtx5090_0542,0.16811128295033,0.25177707612172784,16.27,point,256-128-64,huber,0.0003,0.02,1024,202,14
rtx5090_0161,0.16818281545431796,0.2543378888034752,13.41,point,512-512-256-128,huber,0.0003,0.02,1024,303,8
rtx5090_0340,0.16819048393978953,0.2592291039012964,4.06,point,512-512-256-128,mae,0.0003,0.02,4096,202,15
rtx5090_0451,0.16819768676202027,0.25892201277991184,12.41,point,512-512-256-128,mae,0.0003,0.005,1024,202,6
rtx5090_0036,0.16822784702232754,0.2598283043631249,11.97,point,512-512-256-128,mae,0.0007,0.02,1024,202,2
rtx5090_0043,0.16829814506485619,0.2440431151966398,6.8,point,1024-512-256,mse,0.002,0.005,1024,202,1
rtx5090_0356,0.16832845910463895,0.25474605138706025,4.59,trajectory,512-256-128,mae,0.0007,0.02,4096,303,6
rtx5090_0329,0.16837134176201013,0.25835985287018254,11.47,point,512-256-128,huber,0.002,0.02,1024,101,4
rtx5090_0478,0.16843261854489344,0.25264890915822097,3.4,point,512-512-256-128,mae,0.0003,0.005,4096,202,3
rtx5090_0166,0.1684523470840417,0.256693675308812,13.92,trajectory,512-256-128,huber,0.0007,0.005,1024,202,1
rtx5090_0130,0.16845870674483585,0.25669972093522386,11.57,trajectory,512-256-128,huber,0.0007,0.02,1024,202,1
rtx5090_0154,0.16846924406053768,0.25690890813277506,2.83,trajectory,512-512-256-128,huber,0.0003,0.02,4096,303,4
rtx5090_0338,0.16848754154530649,0.25521960189514703,2.77,trajectory,512-256-128,mae,0.0007,0.005,4096,303,6
rtx5090_0520,0.1685500048488837,0.2540526226422619,2.37,point,512-512-256-128,huber,0.002,0.005,4096,101,8
rtx5090_0423,0.16856836253213348,0.2575592566648331,10.41,trajectory,512-512-256-128,huber,0.0003,0.005,1024,202,1
rtx5090_0027,0.16859630252912225,0.25760868816561644,11.75,trajectory,512-512-256-128,huber,0.0003,0.02,1024,202,1
rtx5090_0211,0.16859640614603605,0.25128016343091875,2.93,trajectory,512-256-128,huber,0.0003,0.02,4096,303,8
rtx5090_0354,0.16860226441044762,0.25457978993202357,3.44,point,512-512-256-128,huber,0.0003,0.02,4096,202,15
rtx5090_0098,0.16861469136861462,0.2382590218018707,2.64,point,1024-512-256,mse,0.002,0.02,4096,202,5
rtx5090_0123,0.16869998918771348,0.25765021385263337,11.22,trajectory,256-128-64,huber,0.002,0.005,1024,101,1
rtx5090_0566,0.16878587076872806,0.2552799595896525,6.34,trajectory,512-256-128,mae,0.0003,0.02,1024,303,4
rtx5090_0337,0.16887221812190858,0.23836641830001357,2.86,point,1024-512-256,mse,0.002,0.005,4096,202,5
rtx5090_0410,0.16893581510285335,0.2529919070803217,11.86,trajectory,512-256-128,huber,0.0007,0.02,1024,101,1
rtx5090_0105,0.1689364818348453,0.2529839593631153,12.25,trajectory,512-256-128,huber,0.0007,0.005,1024,101,1
rtx5090_0097,0.1690408389428862,0.25750938623278674,2.91,trajectory,256-128-64,mae,0.0007,0.005,4096,303,8
rtx5090_0000,0.1691336759418792,0.2561089268360687,8.62,point,512-512-256-128,huber,0.002,0.005,1024,101,4
rtx5090_0595,0.1691834566689095,0.2574610011435477,5.21,trajectory,128-64-32,mae,0.0003,0.005,4096,303,11
rtx5090_0448,0.16921212843148428,0.2574939061945128,4.09,trajectory,128-64-32,mae,0.0003,0.02,4096,303,11
rtx5090_0541,0.16929785186805318,0.26044078673212745,2.26,trajectory,256-128-64,huber,0.0007,0.02,4096,202,30
rtx5090_0237,0.16930005610094181,0.2602079319211416,4.27,trajectory,256-128-64,huber,0.0007,0.005,4096,202,30
rtx5090_0139,0.16930662882886102,0.2587810641616739,9.98,trajectory,512-512-256-128,huber,0.0007,0.005,1024,101,1
rtx5090_0590,0.16937251160489744,0.25092506009025617,1.5,trajectory,512-512-256-128,huber,0.0007,0.02,4096,303,6
rtx5090_0369,0.16939019688109386,0.239618556990224,2.65,point,1024-512-256,mse,0.002,0.02,4096,303,6
rtx5090_0502,0.16940474845184447,0.2557349135623489,14.05,trajectory,512-256-128,mae,0.0003,0.005,1024,303,4
rtx5090_0508,0.16940616807460324,0.2567033801323813,4.95,trajectory,256-128-64,mae,0.0003,0.02,4096,202,29
rtx5090_0531,0.1694280855074762,0.24053115878522402,15.68,point,128-64-32,mse,0.0007,0.02,1024,101,20
rtx5090_0578,0.16943975847015805,0.2509663921460207,1.9,trajectory,512-512-256-128,huber,0.0007,0.005,4096,303,6
rtx5090_0420,0.16954697238659075,0.2563623987592417,3.16,trajectory,512-512-256-128,mae,0.0003,0.005,4096,303,8
rtx5090_0157,0.16955042335077938,0.2572037435622481,4.32,trajectory,256-128-64,mae,0.0007,0.02,4096,202,15
rtx5090_0343,0.1695637405092197,0.2524527104461872,2.64,trajectory,256-128-64,mse,0.002,0.02,4096,303,1
rtx5090_0259,0.1695638981199378,0.25745579854870937,3.47,trajectory,128-64-32,mae,0.0007,0.005,4096,202,7
rtx5090_0330,0.16956493962630972,0.2524661236200956,4.08,trajectory,256-128-64,mse,0.002,0.005,4096,303,1
rtx5090_0199,0.1696191603852257,0.25107257897078167,3.82,trajectory,128-64-32,huber,0.002,0.02,4096,303,6
rtx5090_0090,0.16963140683695127,0.25414524149517037,22.91,trajectory,128-64-32,huber,0.0003,0.005,1024,101,23
rtx5090_0056,0.16967670462529688,0.2526635111430879,10.59,trajectory,512-512-256-128,huber,0.002,0.005,1024,101,1
rtx5090_0509,0.16968227691786206,0.261945769415232,17.25,trajectory,256-128-64,mae,0.0003,0.005,1024,303,21
rtx5090_0309,0.16970042681039224,0.2543155650918047,22.46,trajectory,128-64-32,huber,0.0003,0.02,1024,101,23
rtx5090_0464,0.16970564298050653,0.2527628541429311,11.13,trajectory,512-512-256-128,huber,0.002,0.02,1024,101,1
rtx5090_0228,0.16972857152055232,0.2567014345312599,4.49,trajectory,256-128-64,mae,0.0003,0.005,4096,202,29
rtx5090_0204,0.1697798749681615,0.25513126151926746,2.97,trajectory,1024-512-256,mae,0.0003,0.005,4096,303,8
rtx5090_0132,0.16981709074142454,0.24960435567876157,4.37,trajectory,128-64-32,huber,0.002,0.005,4096,303,4
rtx5090_0417,0.16984505676472256,0.2554525105129893,2.98,trajectory,512-512-256-128,mae,0.0007,0.02,4096,303,6
rtx5090_0481,0.1699156222167831,0.256650240124824,14.7,trajectory,128-64-32,mae,0.0003,0.02,1024,202,10
rtx5090_0137,0.16999547566255263,0.25528365821336946,4.41,trajectory,128-64-32,mae,0.002,0.02,4096,303,4
rtx5090_0461,0.17002304927064882,0.25233708182235787,3.9,trajectory,128-64-32,huber,0.0007,0.005,4096,202,7
rtx5090_0004,0.17003950896879574,0.25232416985182865,9.36,trajectory,128-64-32,huber,0.0007,0.02,4096,202,7
rtx5090_0107,0.1700659760665077,0.25722163016589494,2.48,trajectory,1024-512-256,mae,0.0003,0.02,4096,303,4
rtx5090_0524,0.17009363709990363,0.26193166573834975,22.87,trajectory,256-128-64,mae,0.0003,0.02,1024,202,23
rtx5090_0483,0.17016676459617808,0.2589305518718196,9.31,trajectory,512-512-256-128,huber,0.0003,0.02,1024,101,1
rtx5090_0025,0.17020359872282775,0.25748996467844465,10.49,trajectory,1024-512-256,mae,0.0007,0.005,1024,202,2
rtx5090_0061,0.170214088371432,0.2599026431442579,20.09,trajectory,128-64-32,mae,0.0007,0.02,1024,101,14
rtx5090_0319,0.17021596519428253,0.2569940400670612,4.64,trajectory,128-64-32,mae,0.002,0.005,4096,202,4
rtx5090_0050,0.17024014990205177,0.25832004325828906,19.57,trajectory,128-64-32,mae,0.0007,0.005,1024,101,15
rtx5090_0116,0.17024108137223853,0.2509128926244476,7.06,trajectory,1024-512-256,huber,0.002,0.02,1024,101,1
rtx5090_0250,0.17026409660380878,0.25885720216863994,4.3,trajectory,128-64-32,mae,0.0007,0.005,4096,303,8
rtx5090_0289,0.17027395573851292,0.2584234379738035,15.14,trajectory,256-128-64,huber,0.0003,0.02,1024,303,21
rtx5090_0466,0.1702982239039438,0.2512798960961157,6.5,trajectory,1024-512-256,huber,0.002,0.005,1024,101,1
rtx5090_0300,0.1703368401851667,0.23822448116375944,18.72,point,128-64-32,mse,0.0003,0.005,1024,101,20
rtx5090_0238,0.17034023985407068,0.2382891309879478,6.05,point,1024-512-256,mse,0.0007,0.02,1024,202,2
rtx5090_0060,0.17037418515475392,0.25326866194813014,3.19,trajectory,256-128-64,huber,0.002,0.005,4096,303,6
rtx5090_0177,0.17042035857585755,0.25905283087104813,2.37,trajectory,512-256-128,mae,0.0003,0.02,4096,202,6
rtx5090_0321,0.1704236585425963,0.25749314696772047,13.39,trajectory,128-64-32,huber,0.002,0.02,1024,101,1
rtx5090_0559,0.1704281687895948,0.26249603368803265,13.17,trajectory,256-128-64,mae,0.002,0.005,1024,101,1
rtx5090_0245,0.17043598267772253,0.26241056236078303,11.43,trajectory,512-512-256-128,mae,0.0003,0.005,1024,202,1
rtx5090_0437,0.17049787391698765,0.25810381951923317,2.96,trajectory,1024-512-256,huber,0.0003,0.02,4096,101,3
rtx5090_0350,0.17053768194972665,0.2569044002069233,3.08,trajectory,1024-512-256,mae,0.0003,0.02,4096,101,9
rtx5090_0141,0.17056092929097197,0.25313739418578685,11.26,trajectory,256-128-64,huber,0.002,0.02,1024,202,2
rtx5090_0428,0.17057001174296288,0.2528521112797324,3.68,trajectory,256-128-64,huber,0.002,0.005,4096,101,3
rtx5090_0283,0.17058387316686713,0.23832706375247883,17.02,point,128-64-32,mse,0.0003,0.02,1024,101,20
rtx5090_0537,0.17058504932712376,0.2593598616128972,2.99,trajectory,256-128-64,mae,0.002,0.005,4096,101,3
rtx5090_0284,0.17058971527389302,0.25963315465622705,16.27,trajectory,256-128-64,mae,0.0003,0.005,1024,202,15
rtx5090_0014,0.17059277584888283,0.25400702828548766,2.66,trajectory,512-256-128,huber,0.0003,0.02,4096,202,6
rtx5090_0003,0.17062688499065184,0.2573176590848771,3.04,trajectory,1024-512-256,huber,0.0003,0.02,1024,101,1
rtx5090_0181,0.17064978754104668,0.25912631601077707,17.35,trajectory,256-128-64,huber,0.0007,0.02,1024,202,10
rtx5090_0496,0.17065084333486283,0.2546453607710269,11.46,trajectory,512-256-128,huber,0.0003,0.02,1024,303,8
rtx5090_0421,0.17065086348059735,0.25674656248571703,14.37,trajectory,128-64-32,mae,0.0003,0.005,1024,303,8
rtx5090_0580,0.1706588058801652,0.26291585698935327,7.23,trajectory,512-512-256-128,mae,0.0003,0.02,1024,202,1
rtx5090_0548,0.17067719451918031,0.2515362472698046,12.7,trajectory,256-128-64,huber,0.0003,0.005,1024,202,10
rtx5090_0383,0.1706837760734325,0.23662633905670982,3.57,point,1024-512-256,mse,0.0007,0.005,4096,202,6
rtx5090_0386,0.1706846598378717,0.2638129845780179,18.66,trajectory,128-64-32,mae,0.0007,0.005,1024,303,25
rtx5090_0196,0.1706946671351177,0.25344061716493443,11.56,trajectory,256-128-64,huber,0.002,0.005,1024,202,2
rtx5090_0190,0.17070027925232678,0.2576177935842375,3.96,trajectory,128-64-32,mae,0.002,0.02,4096,202,4
rtx5090_0247,0.17070605034767178,0.2549666008527168,2.63,trajectory,1024-512-256,mae,0.002,0.02,4096,202,2
rtx5090_0225,0.1707079764826006,0.23678858661734237,2.63,point,1024-512-256,mse,0.0007,0.02,4096,202,6
rtx5090_0522,0.1707243623579223,0.2388143723663716,2.65,point,512-256-128,mse,0.002,0.02,4096,303,5
rtx5090_0288,0.17072704908290495,0.2584908074333846,2.33,trajectory,512-512-256-128,huber,0.0003,0.005,4096,202,4
rtx5090_0152,0.1707337445053745,0.25850325593821155,3.03,trajectory,256-128-64,mae,0.002,0.005,4096,303,6
rtx5090_0463,0.17073420148516985,0.26292388912395154,11.33,trajectory,512-256-128,mae,0.0007,0.005,1024,202,1
rtx5090_0270,0.1707438095504111,0.2585165098244007,2.53,trajectory,512-512-256-128,huber,0.0003,0.02,4096,202,4
rtx5090_0327,0.17075236725288928,0.2623020354997871,8.34,trajectory,1024-512-256,mae,0.0003,0.005,1024,202,1
rtx5090_0563,0.17075282197039438,0.25182349127685827,14.58,trajectory,128-64-32,huber,0.0003,0.02,1024,303,8
rtx5090_0178,0.17076847121528563,0.25877393065393484,4.3,trajectory,128-64-32,mae,0.0007,0.005,4096,101,23
rtx5090_0569,0.17078557935042274,0.260240907039282,16.65,trajectory,256-128-64,huber,0.0003,0.005,1024,303,21
rtx5090_0430,0.17079416256117635,0.25196265517177496,13.38,trajectory,128-64-32,huber,0.0003,0.005,1024,303,8
rtx5090_0505,0.17079915849675445,0.24257040362077642,10.93,trajectory,512-512-256-128,mse,0.0003,0.005,1024,101,1
rtx5090_0375,0.17080661410778009,0.2425261045345641,9.83,trajectory,512-512-256-128,mse,0.0003,0.02,1024,101,1
rtx5090_0096,0.1708074612274097,0.25266308900574963,16.41,trajectory,128-64-32,huber,0.0003,0.005,1024,202,10
rtx5090_0326,0.17081323440254864,0.26061950299884856,16.76,trajectory,256-128-64,mae,0.0003,0.005,1024,101,15
rtx5090_0267,0.1708274095455005,0.2570830398679929,11.69,trajectory,128-64-32,mae,0.0007,0.02,1024,303,8
rtx5090_0187,0.17082848346730664,0.25543584304985123,3.3,trajectory,512-512-256-128,mae,0.002,0.02,4096,303,5
rtx5090_0246,0.17083012251443788,0.2526342779152603,13.68,trajectory,128-64-32,huber,0.0003,0.02,1024,202,10
rtx5090_0251,0.17084254873084512,0.26160869769679795,10.59,trajectory,512-512-256-128,mae,0.0007,0.005,1024,101,1
rtx5090_0311,0.17084774081612575,0.2572906838255874,3.59,trajectory,1024-512-256,mae,0.0003,0.005,4096,101,9
rtx5090_0397,0.17086610924271758,0.25844129810197014,2.27,trajectory,512-512-256-128,huber,0.0007,0.005,4096,101,3
rtx5090_0035,0.17087047303393876,0.25842357635196067,2.59,trajectory,512-512-256-128,huber,0.0007,0.02,4096,101,3
rtx5090_0142,0.17087748396175492,0.25498669838407767,5.21,trajectory,256-128-64,huber,0.0003,0.02,4096,303,32
rtx5090_0102,0.17089337949508032,0.2535694382350082,10.61,trajectory,512-256-128,huber,0.0003,0.02,1024,101,5
rtx5090_0353,0.17092397578214005,0.23955649759758013,3.17,point,1024-512-256,mse,0.0007,0.02,4096,303,5
rtx5090_0547,0.17093179599335406,0.25524139849384825,2.75,trajectory,512-256-128,huber,0.002,0.005,4096,303,5
rtx5090_0028,0.17094796100040371,0.25722774009317667,3.36,trajectory,512-256-128,huber,0.0007,0.02,4096,202,16
rtx5090_0136,0.1709678000551515,0.263257356596385,11.95,trajectory,512-256-128,mae,0.0007,0.02,1024,202,1
rtx5090_0299,0.17097092293452876,0.26042864315241854,2.36,trajectory,1024-512-256,huber,0.0007,0.02,4096,303,2
rtx5090_0022,0.17099578344295577,0.2604528082867985,2.34,trajectory,1024-512-256,huber,0.0007,0.005,4096,303,2
rtx5090_0008,0.17099649316416135,0.2550398050611995,10.81,trajectory,256-128-64,huber,0.0003,0.005,4096,303,32
rtx5090_0323,0.1710028706093053,0.25512789858331253,2.59,trajectory,512-256-128,huber,0.002,0.02,4096,303,5
rtx5090_0588,0.171019681838856,0.23948152286273006,2.31,point,1024-512-256,mse,0.0007,0.005,4096,303,5
rtx5090_0164,0.1710603864096763,0.25914235884078607,3.35,trajectory,512-256-128,mae,0.0007,0.005,4096,202,16
rtx5090_0407,0.17109859563010585,0.2528688300662162,17.0,trajectory,128-64-32,huber,0.0007,0.005,1024,303,8
rtx5090_0045,0.1711055475523133,0.25686475297031514,13.49,trajectory,128-64-32,huber,0.002,0.02,1024,202,1
rtx5090_0328,0.17111691653987582,0.24114947154252944,13.79,trajectory,512-512-256-128,mse,0.0003,0.005,1024,303,1
rtx5090_0360,0.17114021304674687,0.2586058408505032,2.95,trajectory,256-128-64,mae,0.002,0.02,4096,303,6
rtx5090_0291,0.1711690139444101,0.2524138390595445,3.76,trajectory,128-64-32,huber,0.002,0.005,4096,202,4
rtx5090_0389,0.17120604636582842,0.260927324941267,13.66,trajectory,256-128-64,mae,0.002,0.005,1024,202,1
rtx5090_0487,0.17126815675834298,0.23971025988165237,9.82,point,512-256-128,mse,0.0007,0.02,1024,202,2
rtx5090_0415,0.17134339517089345,0.25800706080393526,3.4,trajectory,512-256-128,mae,0.0003,0.02,4096,101,9
rtx5090_0450,0.17136717419712938,0.25611621724010275,14.73,trajectory,512-256-128,huber,0.0003,0.005,1024,202,10
rtx5090_0051,0.17137515137253917,0.260406284854139,3.62,trajectory,256-128-64,mae,0.002,0.005,4096,202,3
rtx5090_0186,0.1713758446424124,0.26100266741480144,10.29,trajectory,512-256-128,mae,0.0007,0.02,1024,101,1
rtx5090_0059,0.1713777886982379,0.23974071223270801,12.52,point,512-256-128,mse,0.0007,0.005,1024,202,2
rtx5090_0514,0.17138301454818516,0.23975449829761833,6.87,point,1024-512-256,mse,0.0003,0.005,1024,202,7
rtx5090_0248,0.17141112631968575,0.2576718764066744,2.64,trajectory,512-512-256-128,huber,0.002,0.02,4096,303,2
rtx5090_0500,0.17142101138539242,0.251365328395603,9.23,trajectory,512-256-128,huber,0.002,0.02,1024,202,2
rtx5090_0006,0.1715099080465712,0.24252762103330266,8.71,point,512-512-256-128,mse,0.0003,0.02,4096,101,19
rtx5090_0297,0.1715458960363213,0.25972055167212416,14.85,trajectory,512-256-128,mae,0.0003,0.02,1024,202,7
rtx5090_0221,0.1715468506099468,0.2587910404301977,6.04,trajectory,128-64-32,mae,0.0003,0.02,4096,101,42
rtx5090_0129,0.1715525682264331,0.24572561890997985,11.11,trajectory,512-512-256-128,mse,0.0007,0.005,1024,101,1
rtx5090_0331,0.17157366052002118,0.2596048451938095,2.79,trajectory,512-256-128,mae,0.0003,0.005,4096,101,6
rtx5090_0001,0.17157399626317413,0.2617450472387392,9.1,trajectory,256-128-64,mae,0.0003,0.02,1024,101,15
rtx5090_0266,0.17157920353412698,0.24058603983455593,10.5,point,256-128-64,mse,0.002,0.005,1024,202,2
rtx5090_0539,0.17167087716342744,0.26332741597692133,7.74,trajectory,1024-512-256,mae,0.0007,0.02,1024,101,1
rtx5090_0598,0.1717360086013936,0.24070299519812155,4.09,point,256-128-64,mse,0.002,0.02,1024,202,2
rtx5090_0234,0.17178167437968606,0.23882340063102306,14.05,point,128-64-32,mse,0.002,0.005,1024,101,6
rtx5090_0570,0.1717846620642775,0.24308554859884696,3.67,point,512-512-256-128,mse,0.0003,0.005,4096,101,19
rtx5090_0236,0.17179248050010346,0.24185108904849356,15.56,point,256-128-64,mse,0.0003,0.005,1024,101,20
rtx5090_0462,0.1718324141113521,0.25463375846354525,7.31,trajectory,256-128-64,huber,0.0003,0.02,4096,101,19
rtx5090_0373,0.1718566793399313,0.260075626621124,10.7,trajectory,128-64-32,huber,0.002,0.02,1024,303,1
rtx5090_0231,0.17186402663847836,0.24659496875992123,2.29,trajectory,512-256-128,mse,0.002,0.02,4096,303,8
rtx5090_0345,0.17188568951221708,0.2530839600629051,3.29,trajectory,1024-512-256,huber,0.002,0.005,4096,202,2
rtx5090_0393,0.17189541672401162,0.2568002615040399,11.88,trajectory,512-256-128,mae,0.002,0.02,1024,202,2
rtx5090_0472,0.17192581561115225,0.25664601278304283,4.56,trajectory,128-64-32,huber,0.0003,0.02,4096,101,11
rtx5090_0494,0.17194329038899714,0.2578219640980307,2.51,trajectory,512-512-256-128,huber,0.0007,0.005,4096,202,4
rtx5090_0026,0.17196189431698913,0.24055415553177129,3.7,point,512-256-128,mse,0.0007,0.02,4096,101,20
rtx5090_0249,0.17198465073736402,0.2555239906825168,6.03,trajectory,128-64-32,huber,0.0007,0.005,4096,101,23
rtx5090_0525,0.17199604215115571,0.255370850735386,2.86,trajectory,128-64-32,huber,0.0007,0.02,4096,101,23
rtx5090_0078,0.17199675837002443,0.24770626413897937,10.37,trajectory,512-512-256-128,mse,0.002,0.005,1024,202,1
rtx5090_0571,0.17200582037217438,0.2582687012787718,9.18,trajectory,512-512-256-128,mae,0.002,0.005,1024,202,2
rtx5090_0516,0.17201493118151112,0.251579743357167,14.89,trajectory,512-512-256-128,huber,0.0003,0.005,1024,303,4
rtx5090_0057,0.17202740285773055,0.25952056612665,4.96,trajectory,128-64-32,mae,0.0003,0.02,4096,202,21
rtx5090_0552,0.17204022547852738,0.25530059456625614,2.15,trajectory,512-512-256-128,huber,0.0003,0.02,4096,101,8
rtx5090_0324,0.17208266250301354,0.26445413613738566,19.35,trajectory,128-64-32,mae,0.0007,0.02,1024,202,19
rtx5090_0551,0.17208919840013454,0.25800488996705295,11.81,trajectory,512-512-256-128,mae,0.0003,0.005,1024,303,4
rtx5090_0031,0.1721103082179926,0.2562471356687387,4.36,trajectory,256-128-64,huber,0.0007,0.005,4096,101,5
rtx5090_0577,0.17211280515312605,0.2553687002265195,2.85,trajectory,512-256-128,huber,0.0003,0.005,4096,101,6
rtx5090_0047,0.17212256468344841,0.25626942069615094,4.08,trajectory,256-128-64,huber,0.0007,0.02,4096,101,5
rtx5090_0414,0.17222500303598126,0.25512365416123756,14.08,trajectory,256-128-64,huber,0.0003,0.02,1024,101,8
rtx5090_0413,0.17223559175457684,0.24588625182499121,2.38,trajectory,512-512-256-128,mse,0.002,0.02,4096,303,6
rtx5090_0400,0.17224833043730203,0.23973346212675406,11.59,point,512-512-256-128,mse,0.0007,0.005,1024,202,2
rtx5090_0180,0.17226801937660902,0.24166199026827193,18.63,point,256-128-64,mse,0.0003,0.02,1024,101,20
rtx5090_0229,0.1722838443320897,0.2616048696927314,2.61,trajectory,512-512-256-128,mae,0.0007,0.005,4096,101,5
rtx5090_0122,0.17229364713077233,0.23915764967722805,6.82,point,256-128-64,mse,0.0003,0.02,4096,101,36
rtx5090_0480,0.1723383693989699,0.2627674044346924,3.07,trajectory,512-512-256-128,mae,0.0007,0.005,4096,202,4
rtx5090_0513,0.17234694126143332,0.25802417592310284,4.23,trajectory,128-64-32,huber,0.002,0.005,4096,101,5
rtx5090_0017,0.1723676524733118,0.25800663573138966,4.84,trajectory,128-64-32,huber,0.002,0.02,4096,101,5
rtx5090_0523,0.1723877720011363,0.2408406372073084,3.33,point,1024-512-256,mse,0.0003,0.02,4096,202,17
rtx5090_0436,0.1723968032980679,0.2595610513469712,2.44,trajectory,1024-512-256,mae,0.0007,0.005,4096,303,5
rtx5090_0272,0.17240173948039636,0.2369456681180017,11.79,point,256-128-64,mse,0.0007,0.02,1024,101,6
rtx5090_0015,0.17241794406174038,0.245471807190007,14.34,point,512-256-128,mse,0.002,0.02,1024,202,6
rtx5090_0366,0.172441838511302,0.23998497213770625,2.96,point,512-512-256-128,mse,0.002,0.005,4096,303,6
rtx5090_0510,0.17244501955314953,0.26245775496773827,11.5,trajectory,512-256-128,mae,0.002,0.005,1024,202,7
rtx5090_0495,0.17246000839396877,0.2594229667995261,9.63,trajectory,512-256-128,huber,0.0007,0.005,1024,303,1
rtx5090_0254,0.17248220548137266,0.2523301597985484,10.24,trajectory,512-512-256-128,huber,0.0003,0.02,1024,303,4
rtx5090_0109,0.17248415687343285,0.23998020843136667,3.06,point,512-512-256-128,mse,0.002,0.02,4096,303,6
rtx5090_0584,0.17248550621791267,0.2603434387105677,5.35,trajectory,128-64-32,mae,0.002,0.005,1024,202,4
rtx5090_0536,0.17248839359536158,0.2586008535324902,6.84,trajectory,1024-512-256,huber,0.0003,0.005,1024,303,5
rtx5090_0176,0.17249338747276233,0.23914835127729744,17.08,point,128-64-32,mse,0.002,0.02,1024,101,6
rtx5090_0010,0.17249658134021342,0.2405892326882387,16.96,point,512-512-256-128,mse,0.0003,0.005,1024,101,6
rtx5090_0076,0.1725053926979095,0.2407669748084072,3.09,point,1024-512-256,mse,0.0003,0.005,4096,202,17
rtx5090_0335,0.1725121570490657,0.2617684342627654,2.56,trajectory,512-256-128,mae,0.002,0.005,4096,101,3
rtx5090_0568,0.17252075770892814,0.2561549594164832,7.93,trajectory,128-64-32,huber,0.0007,0.02,1024,202,2
rtx5090_0244,0.17253415071550832,0.2400746814624927,3.03,point,256-128-64,mse,0.002,0.02,4096,202,7
rtx5090_0501,0.1725598153259989,0.2495841182957745,11.01,point,512-512-256-128,mse,0.002,0.005,1024,101,2
rtx5090_0382,0.17255987051763047,0.2569201224806734,2.65,trajectory,512-512-256-128,huber,0.002,0.005,4096,202,4
rtx5090_0427,0.17256442990939552,0.24015238797031202,4.06,point,256-128-64,mse,0.002,0.005,4096,202,7
rtx5090_0094,0.1725950815914581,0.2569566179569241,2.54,trajectory,512-512-256-128,huber,0.002,0.02,4096,202,4
rtx5090_0082,0.17261898509751733,0.2638272350214974,2.71,trajectory,1024-512-256,mae,0.0007,0.02,4096,303,10
rtx5090_0163,0.17262554508987463,0.25901897798231277,3.61,trajectory,512-512-256-128,mae,0.002,0.02,4096,202,7
rtx5090_0138,0.17262892295217516,0.26270900608763886,3.44,trajectory,128-64-32,mae,0.002,0.02,4096,101,5
rtx5090_0336,0.1726296519656683,0.255039988671986,6.64,trajectory,128-64-32,huber,0.0003,0.02,4096,202,21
rtx5090_0348,0.17263247326417855,0.26128490023000706,13.88,trajectory,128-64-32,mae,0.002,0.02,1024,303,4
rtx5090_0394,0.17265694630436493,0.249955589826307,2.57,point,512-512-256-128,mse,0.0007,0.02,4096,202,2
rtx5090_0075,0.17266229931807736,0.2588740535794629,2.25,trajectory,1024-512-256,mae,0.002,0.005,4096,101,3
rtx5090_0201,0.17267154881320365,0.2371720100422706,12.61,point,256-128-64,mse,0.0007,0.005,1024,101,6
rtx5090_0135,0.17269212157215302,0.2421073982287838,2.75,point,512-256-128,mse,0.002,0.005,4096,202,4
rtx5090_0210,0.17277441583979633,0.2615026260314584,2.93,trajectory,512-512-256-128,mae,0.0003,0.005,4096,101,8
rtx5090_0087,0.17277633660120892,0.24221897763598416,3.22,point,512-512-256-128,mse,0.0007,0.005,4096,303,5
rtx5090_0195,0.17278307032758086,0.26325974702159116,10.48,trajectory,512-512-256-128,huber,0.002,0.02,1024,202,1
rtx5090_0205,0.1727838189139829,0.24209574032593098,6.74,point,1024-512-256,mse,0.0007,0.005,1024,303,5
rtx5090_0493,0.17282003015128125,0.24223210416304355,2.71,point,512-512-256-128,mse,0.0007,0.02,4096,303,5
rtx5090_0379,0.17287127118389636,0.2647817285854422,2.59,trajectory,1024-512-256,mae,0.002,0.005,4096,303,8
rtx5090_0490,0.17287906896631944,0.260692146091196,2.58,trajectory,1024-512-256,mae,0.0003,0.02,4096,202,10
rtx5090_0278,0.17289809377259638,0.2637708756227774,9.64,trajectory,512-512-256-128,huber,0.002,0.005,1024,202,1
rtx5090_0574,0.172900240625286,0.26266850944698705,4.82,trajectory,512-512-256-128,mae,0.0007,0.02,1024,303,1
rtx5090_0069,0.17290753588932006,0.2674541963690523,11.17,trajectory,1024-512-256,mae,0.0003,0.02,1024,101,8
rtx5090_0171,0.17293195260598865,0.2607938373925311,3.06,trajectory,1024-512-256,mae,0.0003,0.005,4096,202,10
rtx5090_0053,0.17294931500936037,0.26235239433081786,3.29,trajectory,256-128-64,mae,0.0007,0.02,4096,101,5
rtx5090_0305,0.17299530488623263,0.24785726333729122,2.82,trajectory,256-128-64,mse,0.002,0.02,4096,202,2
rtx5090_0339,0.17300116757245043,0.2651119883604525,11.06,trajectory,512-256-128,mae,0.0007,0.005,1024,303,1
rtx5090_0224,0.17303269952583072,0.24444615543536405,13.55,point,512-256-128,mse,0.002,0.005,1024,303,5
rtx5090_0467,0.17303282052015737,0.24400552230068176,6.84,point,1024-512-256,mse,0.0007,0.02,1024,101,1
rtx5090_0287,0.17303781781223854,0.24234233481470321,12.37,trajectory,256-128-64,mse,0.002,0.02,1024,101,1
rtx5090_0194,0.17306475036642158,0.24196861713518686,9.98,trajectory,256-128-64,mse,0.0007,0.005,1024,303,1
rtx5090_0095,0.17308636196603672,0.2420076754553023,11.54,trajectory,256-128-64,mse,0.0007,0.02,1024,303,1
rtx5090_0207,0.17309039863863995,0.260627391827233,2.71,trajectory,512-256-128,mae,0.002,0.02,4096,303,5
rtx5090_0349,0.17313128084140486,0.2590405504635611,2.79,trajectory,512-256-128,mae,0.002,0.02,4096,202,5
rtx5090_0396,0.17314613819312738,0.2546841549978061,6.67,trajectory,1024-512-256,huber,0.0007,0.02,1024,202,2
rtx5090_0372,0.17317146983361173,0.23917647944331027,5.65,point,128-64-32,mse,0.002,0.02,4096,303,8
rtx5090_0474,0.17322909967034059,0.2414377829803844,8.5,point,1024-512-256,mse,0.0003,0.005,1024,101,6
rtx5090_0318,0.17323712997435722,0.24377825697108196,14.59,point,128-64-32,mse,0.002,0.005,1024,202,6
rtx5090_0276,0.17326895160002623,0.2386882249712336,6.72,point,256-128-64,mse,0.0003,0.005,4096,303,37
rtx5090_0457,0.17330248364550457,0.23952317634238565,2.35,point,1024-512-256,mse,0.0003,0.02,4096,303,8
rtx5090_0179,0.17330557506535807,0.23878163580548686,4.02,point,512-256-128,mse,0.0003,0.02,4096,101,23
rtx5090_0334,0.17330751303529007,0.2579911175447529,2.44,trajectory,1024-512-256,huber,0.0007,0.02,4096,202,4
rtx5090_0140,0.1733888523294832,0.2399494345326596,4.91,point,256-128-64,mse,0.002,0.02,4096,101,10
rtx5090_0285,0.1733907772325045,0.24007679113685573,21.82,point,128-64-32,mse,0.0003,0.02,1024,303,28
rtx5090_0108,0.17340524259989512,0.2595296362711716,3.66,trajectory,512-256-128,mae,0.002,0.005,4096,202,5
rtx5090_0281,0.17341960613228463,0.2552270830234845,2.82,trajectory,1024-512-256,huber,0.0003,0.005,4096,202,10
rtx5090_0151,0.17342858484999052,0.25523490226715867,6.33,trajectory,1024-512-256,huber,0.0007,0.005,1024,202,2
rtx5090_0103,0.17342926091772762,0.2552587494187879,2.99,trajectory,1024-512-256,huber,0.0003,0.02,4096,202,10
rtx5090_0460,0.1734677039239721,0.26593353821728016,7.27,trajectory,1024-512-256,mae,0.0003,0.005,1024,101,1
rtx5090_0406,0.17348070789807918,0.24352145989932347,6.96,point,1024-512-256,mse,0.002,0.02,1024,303,5
rtx5090_0371,0.17348638330914457,0.24032587283666593,21.17,point,128-64-32,mse,0.0003,0.005,1024,303,28
rtx5090_0392,0.17349581828427868,0.26236141416636916,2.75,trajectory,512-256-128,huber,0.002,0.005,4096,101,9
rtx5090_0062,0.1735070248437986,0.24273932746050436,8.64,point,1024-512-256,mse,0.002,0.005,1024,303,5
rtx5090_0054,0.17352205635634235,0.2521354581638332,2.29,trajectory,1024-512-256,mse,0.0003,0.005,4096,303,1
rtx5090_0067,0.1735555319467701,0.2622416297322831,2.56,trajectory,1024-512-256,mae,0.0007,0.005,4096,202,3
rtx5090_0209,0.1735621322655652,0.23856167314146492,3.23,point,512-256-128,mse,0.0007,0.02,4096,303,8
rtx5090_0044,0.17360205729822378,0.23966777887264698,5.19,point,256-128-64,mse,0.002,0.005,4096,101,10
rtx5090_0215,0.17361109966837227,0.2473590765112312,2.41,point,1024-512-256,mse,0.002,0.02,4096,101,1
rtx5090_0585,0.17361360531792694,0.2618481760444285,10.56,trajectory,512-512-256-128,mae,0.0007,0.02,1024,202,4
rtx5090_0322,0.1736196007822892,0.23912258266499092,7.77,point,128-64-32,mse,0.0007,0.005,4096,303,22
rtx5090_0220,0.1736319932640058,0.24094159236940932,9.58,point,512-512-256-128,mse,0.0003,0.02,1024,202,2
rtx5090_0189,0.17363334580777576,0.23912066737617604,5.38,point,128-64-32,mse,0.0007,0.02,4096,303,22
rtx5090_0332,0.1736368275190593,0.25345584864174103,10.64,trajectory,512-512-256-128,mae,0.002,0.02,1024,303,4
rtx5090_0308,0.1736515147312713,0.24310249239540377,13.16,point,128-64-32,mse,0.002,0.02,1024,202,6
rtx5090_0359,0.17365526748624216,0.2384179557387788,4.67,point,128-64-32,mse,0.002,0.02,4096,202,13
rtx5090_0555,0.17366524466181488,0.2489797077549451,10.34,point,512-512-256-128,mse,0.002,0.005,1024,202,1
rtx5090_0367,0.17367497403211465,0.24101978410858493,10.54,point,512-512-256-128,mse,0.0003,0.005,1024,202,2
rtx5090_0403,0.17368998169840225,0.26158574134468104,8.25,trajectory,1024-512-256,mae,0.0007,0.02,1024,202,2
rtx5090_0540,0.1737099522767111,0.25671686618913325,10.23,trajectory,512-512-256-128,mse,0.002,0.005,1024,303,5
rtx5090_0160,0.17377355393131486,0.2553794740734586,9.36,trajectory,1024-512-256,mae,0.002,0.005,1024,303,4
rtx5090_0439,0.17378720826455066,0.2525610794587026,2.53,trajectory,512-256-128,mse,0.0007,0.005,4096,303,1
rtx5090_0133,0.17382628547670467,0.2469462659205325,12.56,trajectory,256-128-64,mse,0.0003,0.02,1024,202,16
rtx5090_0159,0.1738513117992419,0.24132071723949017,11.84,trajectory,512-256-128,mse,0.0007,0.02,1024,202,2
rtx5090_0174,0.1738527152095015,0.26504363727388647,2.73,trajectory,512-512-256-128,huber,0.002,0.005,4096,101,8
rtx5090_0314,0.17391512999380196,0.2482036610669195,14.99,trajectory,256-128-64,mse,0.002,0.005,1024,303,5
rtx5090_0425,0.17395324064451387,0.2621276981171081,8.06,trajectory,1024-512-256,huber,0.0007,0.02,1024,303,5
rtx5090_0219,0.17397384713686156,0.24147447594883578,10.26,trajectory,512-256-128,mse,0.0007,0.005,1024,202,2
rtx5090_0032,0.17408369975284113,0.2438264304819144,12.82,point,512-256-128,mse,0.002,0.02,1024,303,5
rtx5090_0273,0.1740932426839949,0.2459526115322901,2.55,trajectory,1024-512-256,mse,0.0007,0.005,4096,303,2
rtx5090_0426,0.17410083406154006,0.245965993833468,8.29,trajectory,512-512-256-128,mse,0.0003,0.005,1024,202,1
rtx5090_0364,0.17411497804131526,0.24551160220773888,3.63,trajectory,512-256-128,mse,0.0007,0.02,4096,202,3
rtx5090_0041,0.17412950677132555,0.24293864327549555,9.18,point,1024-512-256,mse,0.0003,0.02,1024,303,8
rtx5090_0312,0.17415128905482216,0.26657917168557926,5.97,trajectory,1024-512-256,huber,0.002,0.005,1024,202,1
rtx5090_0572,0.17415455427522952,0.2548029749514164,11.19,trajectory,512-512-256-128,huber,0.0007,0.005,1024,303,1
rtx5090_0258,0.1741813525738387,0.26661686941734997,12.36,trajectory,512-256-128,mae,0.002,0.005,1024,303,5
rtx5090_0286,0.1741852276817516,0.24500903587910067,5.64,trajectory,256-128-64,mse,0.0003,0.02,4096,202,30
rtx5090_0119,0.1741973278043256,0.241084086682796,15.94,point,512-256-128,mse,0.0003,0.005,1024,202,7
rtx5090_0489,0.17421228038016082,0.26639173791925924,11.04,trajectory,1024-512-256,mae,0.002,0.005,1024,202,1
rtx5090_0168,0.17421482830549062,0.23962509597479978,6.79,point,128-64-32,mse,0.0003,0.005,4096,303,46
rtx5090_0262,0.17422296594345482,0.24009659387045473,15.53,trajectory,256-128-64,mse,0.002,0.02,1024,202,2
rtx5090_0545,0.1742268487628377,0.23963507429336747,7.71,point,128-64-32,mse,0.0003,0.02,4096,303,46
rtx5090_0110,0.17423778745521898,0.24096953359943235,5.03,point,256-128-64,mse,0.0007,0.005,4096,101,23
rtx5090_0390,0.17424595782620375,0.23905146864916393,4.43,point,256-128-64,mse,0.0007,0.02,4096,101,17
rtx5090_0546,0.1742481432568605,0.24125745957551717,2.92,point,256-128-64,mse,0.0007,0.005,4096,202,15
rtx5090_0058,0.1743022822213705,0.2618203650735443,7.52,trajectory,1024-512-256,huber,0.0007,0.005,1024,303,5
rtx5090_0007,0.17432016641320108,0.2425787838771396,17.27,point,512-512-256-128,mse,0.0003,0.005,1024,303,8
rtx5090_0282,0.17432815590703082,0.24004969163727685,12.14,trajectory,256-128-64,mse,0.002,0.005,1024,202,2
rtx5090_0498,0.1743622100519445,0.24110661674060863,13.52,point,128-64-32,mse,0.0007,0.005,1024,202,10
rtx5090_0519,0.17436881413929178,0.2395298722784119,5.37,point,128-64-32,mse,0.0007,0.005,4096,202,30
rtx5090_0581,0.17436917715855194,0.24049762897106067,1.24,point,512-512-256-128,mse,0.0003,0.005,4096,303,8
rtx5090_0016,0.17437061261879178,0.2416523715772943,5.08,point,256-128-64,mse,0.0007,0.02,4096,202,15
rtx5090_0543,0.1743889681183956,0.2633879643638126,2.63,trajectory,1024-512-256,mae,0.0007,0.02,4096,202,3
rtx5090_0084,0.17439669294793192,0.23956943211102152,7.29,point,128-64-32,mse,0.0007,0.02,4096,202,30
rtx5090_0038,0.17439878771099332,0.24050862562769898,3.19,point,512-512-256-128,mse,0.0003,0.02,4096,303,8
rtx5090_0048,0.17442295907467784,0.23901705983628632,4.48,point,256-128-64,mse,0.0007,0.02,4096,303,14
rtx5090_0567,0.17443304337336857,0.2666521063193086,13.74,trajectory,256-128-64,mae,0.002,0.005,1024,303,10
rtx5090_0484,0.17443931144635338,0.24808374069293257,14.03,trajectory,256-128-64,mse,0.002,0.02,1024,303,5
rtx5090_0089,0.17444588184667129,0.2500196928775191,14.44,trajectory,512-256-128,mse,0.002,0.005,1024,303,5
rtx5090_0454,0.17444793493630356,0.24697045820934072,16.5,trajectory,128-64-32,mse,0.0003,0.005,1024,303,19
rtx5090_0370,0.1745403048878648,0.24176836873906105,14.54,point,256-128-64,mse,0.002,0.005,1024,303,5
rtx5090_0128,0.1745515900984654,0.23944148743726223,3.14,point,1024-512-256,mse,0.0007,0.005,4096,101,9
rtx5090_0071,0.17455337146775,0.2554201295374624,12.57,trajectory,512-256-128,mse,0.0003,0.005,1024,101,12
rtx5090_0325,0.17458118811883616,0.23864783415256605,3.27,point,512-256-128,mse,0.0003,0.02,4096,303,15
rtx5090_0342,0.17460400683372074,0.2401060308773673,18.73,point,256-128-64,mse,0.0007,0.02,1024,303,8
rtx5090_0292,0.17460696428922784,0.2393309401961434,2.24,trajectory,512-256-128,mse,0.0003,0.02,4096,303,8
rtx5090_0365,0.17464711622888524,0.24429872549322545,4.84,trajectory,128-64-32,mse,0.0007,0.02,4096,101,23
rtx5090_0313,0.17466811216602054,0.24644243683828762,11.61,trajectory,512-256-128,mse,0.0007,0.02,1024,303,5
rtx5090_0435,0.17471375242448003,0.23869485750271777,5.0,point,512-256-128,mse,0.0003,0.005,4096,303,15
rtx5090_0068,0.17472081362577657,0.24303901033583586,3.39,trajectory,128-64-32,mse,0.002,0.02,4096,202,3
rtx5090_0145,0.17473722294335242,0.26118928521149265,3.19,trajectory,512-512-256-128,mae,0.002,0.02,4096,101,3
rtx5090_0385,0.17474189114970054,0.24446059631297837,10.87,point,512-512-256-128,mse,0.0007,0.02,1024,101,6
rtx5090_0486,0.17475735633398762,0.2583882449181777,12.13,trajectory,512-512-256-128,huber,0.0007,0.02,1024,202,4
rtx5090_0333,0.1747680043906301,0.2625434960719806,2.81,trajectory,1024-512-256,huber,0.002,0.005,4096,101,6
rtx5090_0005,0.17479782425221568,0.2475374238713034,27.07,trajectory,128-64-32,mse,0.0003,0.02,1024,303,19
rtx5090_0532,0.1748475763476913,0.26506221698436266,3.56,trajectory,512-512-256-128,mae,0.002,0.005,4096,202,4
rtx5090_0573,0.17489398681301738,0.24352073317825795,0.9,point,512-256-128,mse,0.002,0.005,4096,101,10
rtx5090_0401,0.17494785356176545,0.24584555295230584,5.39,trajectory,128-64-32,mse,0.002,0.02,4096,303,16
rtx5090_0469,0.17498020736926287,0.2678302361640369,8.94,trajectory,1024-512-256,mae,0.0007,0.02,1024,303,5
rtx5090_0499,0.17498285653154322,0.25152107551094444,3.47,trajectory,256-128-64,mse,0.0007,0.02,4096,101,2
rtx5090_0257,0.1749832850283739,0.24045847257181746,8.78,trajectory,512-256-128,mse,0.002,0.02,1024,101,1
rtx5090_0037,0.1750090829959513,0.2446010939888992,11.97,point,512-512-256-128,mse,0.0007,0.02,1024,303,5
rtx5090_0256,0.1750362723132985,0.2394594925402236,10.47,point,512-256-128,mse,0.0003,0.005,1024,303,5
rtx5090_0597,0.17504719421559103,0.2388307197371954,3.88,point,256-128-64,mse,0.0003,0.02,1024,303,16
rtx5090_0170,0.17506318279495883,0.24767523457334611,2.17,point,512-512-256-128,mse,0.0007,0.02,4096,101,2
rtx5090_0086,0.17508625674874298,0.24620033108112901,2.48,trajectory,1024-512-256,mse,0.002,0.02,4096,202,5
rtx5090_0063,0.17515740099611293,0.24659130865360052,8.72,trajectory,128-64-32,mse,0.0003,0.005,4096,303,48
rtx5090_0432,0.17518680697234199,0.23946419021712365,12.43,point,512-256-128,mse,0.0003,0.02,1024,303,5
rtx5090_0169,0.1751954782346342,0.24458723049284353,10.77,point,512-512-256-128,mse,0.0007,0.005,1024,303,5
rtx5090_0587,0.1752195880386155,0.26824148627778327,10.76,trajectory,1024-512-256,mae,0.0007,0.005,1024,303,5
rtx5090_0310,0.17523041587962654,0.26926758947859447,16.92,trajectory,256-128-64,mae,0.002,0.02,1024,303,8
rtx5090_0085,0.17524954714540458,0.24343749532338654,6.49,trajectory,256-128-64,mse,0.0003,0.005,4096,303,30
rtx5090_0083,0.17536372035473174,0.2550360656158409,2.88,trajectory,512-512-256-128,mse,0.002,0.005,4096,202,9
rtx5090_0591,0.17541575446332996,0.2645672023061757,2.78,trajectory,1024-512-256,mae,0.0007,0.02,4096,101,5
rtx5090_0341,0.1754193176809821,0.2551490784062561,17.97,trajectory,128-64-32,mse,0.0007,0.005,1024,101,16
rtx5090_0120,0.17547105658193693,0.2645522227403412,13.14,trajectory,512-256-128,huber,0.002,0.005,1024,303,5
rtx5090_0554,0.17547184781906702,0.2699579711467124,10.06,trajectory,512-512-256-128,mae,0.0003,0.02,1024,101,8
rtx5090_0198,0.17551906916175525,0.24383930247556504,3.2,point,512-256-128,mse,0.002,0.02,4096,101,10
rtx5090_0442,0.17553537578437894,0.24254126488062586,9.11,trajectory,1024-512-256,mse,0.0003,0.005,1024,202,2
rtx5090_0112,0.1755476131263941,0.24263380642652993,2.7,trajectory,512-512-256-128,mse,0.0007,0.02,4096,303,5
rtx5090_0269,0.17556473993010183,0.2465529035797363,2.47,trajectory,1024-512-256,mse,0.002,0.005,4096,202,5
rtx5090_0376,0.1756081449774586,0.24272736121631258,2.87,trajectory,512-512-256-128,mse,0.0007,0.005,4096,303,5
rtx5090_0018,0.17562533415082315,0.24255159022117975,7.68,trajectory,1024-512-256,mse,0.0003,0.02,1024,202,2
rtx5090_0012,0.1756728301851881,0.2438168797749283,3.06,point,512-512-256-128,mse,0.0003,0.02,4096,202,6
rtx5090_0518,0.1757150297180584,0.24385722237499294,2.6,point,512-512-256-128,mse,0.0003,0.005,4096,202,6
rtx5090_0202,0.1757443131046696,0.24895166865715956,5.42,trajectory,128-64-32,mse,0.0007,0.02,4096,303,27
rtx5090_0055,0.17576531677319907,0.2557191727063755,10.95,trajectory,512-256-128,huber,0.002,0.02,1024,303,1
rtx5090_0213,0.1757865973982668,0.25490117769177456,3.18,trajectory,512-512-256-128,mse,0.002,0.02,4096,202,9
rtx5090_0173,0.17589277757569163,0.24603287371207733,12.39,point,512-256-128,mse,0.0007,0.005,1024,101,1
rtx5090_0239,0.1760667250249002,0.2440427075788482,15.47,point,256-128-64,mse,0.0003,0.005,1024,202,7
rtx5090_0106,0.17616054706268097,0.24856880861717237,2.64,trajectory,1024-512-256,mse,0.002,0.02,4096,101,1
rtx5090_0193,0.176162547803748,0.2511408316014572,8.83,trajectory,512-512-256-128,mse,0.0007,0.02,1024,303,5
rtx5090_0271,0.17617306946798253,0.24863054462437997,2.37,trajectory,1024-512-256,mse,0.002,0.005,4096,101,1
rtx5090_0594,0.17625494879018144,0.24298028442102776,5.38,trajectory,256-128-64,mse,0.0003,0.02,1024,303,11
rtx5090_0214,0.17626346685038674,0.2421002740345754,21.85,point,128-64-32,mse,0.0003,0.02,1024,202,23
rtx5090_0184,0.17626529728683119,0.24210364000863632,15.48,point,128-64-32,mse,0.0003,0.005,1024,202,23
rtx5090_0034,0.17634542021774982,0.25670160920350454,14.19,trajectory,512-256-128,mse,0.0003,0.02,1024,101,12
rtx5090_0589,0.1763892828261384,0.2419487825424487,1.58,point,128-64-32,mse,0.0003,0.005,4096,202,61
rtx5090_0243,0.1765199317898368,0.24158974173816591,7.56,trajectory,1024-512-256,mse,0.0003,0.02,1024,101,1
rtx5090_0497,0.17652730381760115,0.24160666844055845,7.47,trajectory,1024-512-256,mse,0.0003,0.005,1024,101,1
rtx5090_0175,0.17657056506541624,0.25074459031302326,7.18,trajectory,128-64-32,mse,0.0003,0.02,4096,101,59
rtx5090_0475,0.17658286926634895,0.24180705794075466,6.63,trajectory,1024-512-256,mse,0.0007,0.02,1024,202,2
rtx5090_0408,0.17660125894186476,0.24724542805965086,20.03,trajectory,128-64-32,mse,0.0003,0.02,1024,202,23
rtx5090_0070,0.17666534814519136,0.24351320098772092,11.75,trajectory,512-256-128,mse,0.0007,0.005,1024,101,1
rtx5090_0378,0.17671926049989822,0.25105180812992345,14.15,trajectory,512-256-128,mse,0.0003,0.02,1024,202,10
rtx5090_0404,0.17671954374416587,0.2594808267268119,12.74,trajectory,512-256-128,mae,0.002,0.02,1024,303,1
rtx5090_0226,0.1767266030004887,0.24519460121033212,14.67,trajectory,512-256-128,mse,0.0003,0.02,1024,303,8
rtx5090_0449,0.17676971119148066,0.24922533435131958,2.39,trajectory,1024-512-256,mse,0.0003,0.005,4096,202,3
rtx5090_0240,0.17677413158068897,0.2505794483720307,10.21,trajectory,512-512-256-128,mse,0.0007,0.005,1024,303,5
rtx5090_0515,0.17678085592241966,0.249242225566721,2.48,trajectory,1024-512-256,mse,0.0003,0.02,4096,202,3
rtx5090_0280,0.17687114570046134,0.24545816056949124,4.28,trajectory,512-512-256-128,mse,0.0003,0.02,4096,303,14
rtx5090_0412,0.17688996062638934,0.24244390512037484,13.47,trajectory,128-64-32,mse,0.002,0.005,1024,202,2
rtx5090_0363,0.17693686799776864,0.24459693602889016,2.14,trajectory,1024-512-256,mse,0.0007,0.005,4096,101,3
rtx5090_0346,0.1769665841986435,0.2516545456188443,14.24,trajectory,512-256-128,mse,0.0003,0.005,1024,202,10
rtx5090_0506,0.17698637672415976,0.2476415000814279,7.38,trajectory,1024-512-256,mse,0.0003,0.005,1024,303,5
rtx5090_0052,0.1770167231558627,0.24251985366378329,14.61,trajectory,128-64-32,mse,0.002,0.02,1024,202,2
rtx5090_0549,0.17704723272752082,0.2599876595776311,4.55,trajectory,1024-512-256,mse,0.002,0.02,1024,303,5
rtx5090_0039,0.1770811866097599,0.2480336298710346,7.79,trajectory,1024-512-256,mse,0.0003,0.02,1024,303,5
rtx5090_0100,0.17715031852980997,0.24823165858079724,3.14,trajectory,512-256-128,mse,0.0003,0.02,4096,202,20
rtx5090_0459,0.17725124666541614,0.25869871787292786,2.61,trajectory,1024-512-256,mse,0.002,0.005,4096,303,8
rtx5090_0261,0.17726241706207152,0.24810713962768602,2.85,trajectory,512-256-128,mse,0.0003,0.005,4096,202,20
rtx5090_0167,0.17733501390507217,0.2553786847663032,6.59,trajectory,1024-512-256,mse,0.002,0.02,1024,202,1
rtx5090_0507,0.1775245758886383,0.24712127752430593,13.17,trajectory,256-128-64,mse,0.0007,0.02,1024,202,1
rtx5090_0029,0.17752551490603874,0.24707444169239393,13.45,trajectory,256-128-64,mse,0.0007,0.005,1024,202,1
rtx5090_0212,0.17764626905263584,0.25278364067771464,7.24,trajectory,1024-512-256,mse,0.0007,0.02,1024,303,5
rtx5090_0302,0.17766352210315622,0.2668990998736038,11.66,trajectory,256-128-64,huber,0.002,0.02,1024,303,10
rtx5090_0306,0.17780551076493203,0.2651361877304775,2.79,trajectory,512-256-128,mse,0.002,0.02,4096,101,12
rtx5090_0277,0.1778689208429954,0.24940297198617065,2.82,trajectory,512-256-128,mse,0.0003,0.02,4096,101,19
rtx5090_0303,0.17790446732159435,0.24959877057926083,3.0,trajectory,512-256-128,mse,0.0003,0.005,4096,101,19
rtx5090_0418,0.17801564866131975,0.2684641882759919,15.74,trajectory,128-64-32,mse,0.002,0.02,1024,101,12
rtx5090_0405,0.17814763306970025,0.24917543084841115,6.71,trajectory,1024-512-256,mse,0.0007,0.02,1024,101,1
rtx5090_0316,0.17820072728349035,0.25816890438990736,3.14,trajectory,512-512-256-128,mse,0.0007,0.005,4096,101,1
rtx5090_0208,0.17830145591211155,0.2593058539206722,2.6,trajectory,1024-512-256,mse,0.002,0.02,4096,303,8
rtx5090_0114,0.17832708990786925,0.23912390373292913,7.39,trajectory,1024-512-256,mse,0.002,0.005,1024,101,1
rtx5090_0593,0.1784473479919722,0.2426404798660303,5.75,trajectory,512-512-256-128,mse,0.002,0.02,1024,101,1
rtx5090_0192,0.1785637114347275,0.2433573686810216,12.32,trajectory,128-64-32,mse,0.0007,0.005,1024,202,2
rtx5090_0279,0.17860032754579558,0.24339608664676055,11.4,trajectory,128-64-32,mse,0.0007,0.02,1024,202,2
rtx5090_0241,0.1786804946547068,0.2589882334442902,12.11,trajectory,512-256-128,mse,0.002,0.02,1024,202,6
rtx5090_0115,0.17878668856172955,0.24673791101396267,3.31,trajectory,128-64-32,mse,0.0007,0.02,4096,202,5
rtx5090_0503,0.17894351650263826,0.2471576107713954,8.09,trajectory,128-64-32,mse,0.0003,0.005,4096,202,44
rtx5090_0126,0.1795784497125129,0.24502159756092806,2.73,trajectory,512-512-256-128,mse,0.0003,0.02,4096,101,3
rtx5090_0117,0.17960952289604826,0.2539239160914879,14.8,trajectory,256-128-64,mse,0.0003,0.005,1024,101,14
rtx5090_0434,0.18012921729852766,0.2472670516281903,2.29,trajectory,512-256-128,mse,0.002,0.005,4096,101,5
