valid_time,turbine_id,surface_pressure,grid_latitude,grid_longitude,temperature_2m,u10,v10,u100,v100,wind_speed_10m,wind_speed_100m,wind_direction_100m,as_of,initialization_time,available_at,lead_hour
2026-02-10 19:00:00+00:00,1,952.7660833333334,43.75,78.5,1.1053515625000045,-9.312646484375,-5.2492057291666665,-13.806652018229167,-6.719383951822917,10.690161146122083,15.354926266331821,64.04886523009763,2026-02-10 18:00:00+00:00,2026-02-10 12:00:00+00:00,2026-02-10 16:01:28+00:00,1
2026-02-10 20:00:00+00:00,1,952.7646979166668,43.75,78.5,0.7133593750000387,-8.52393310546875,-5.326031087239584,-12.678745930989583,-6.914021809895833,10.051071720406167,14.441409071496457,61.39531444505562,2026-02-10 18:00:00+00:00,2026-02-10 12:00:00+00:00,2026-02-10 16:01:28+00:00,2
2026-02-10 21:00:00+00:00,1,952.7633125,43.75,78.5,0.3213671875000159,-7.7352197265625,-5.4028564453125005,-11.55083984375,-7.10865966796875,9.435278585545657,13.562999055185696,58.39087684248638,2026-02-10 18:00:00+00:00,2026-02-10 12:00:00+00:00,2026-02-10 16:01:28+00:00,3
2026-02-10 22:00:00+00:00,1,954.5153958333333,43.75,78.5,0.4438606770833644,-5.669626057942708,-4.004196777343751,-8.67088134765625,-5.562952473958333,6.941055501045431,10.301971829346662,57.31710330881184,2026-02-10 18:00:00+00:00,2026-02-10 12:00:00+00:00,2026-02-10 16:01:28+00:00,4
2026-02-10 23:00:00+00:00,1,956.2674791666667,43.75,78.5,0.5663541666666561,-3.6040323893229163,-2.6055371093749997,-5.7909228515625,-4.017245279947916,4.447232070807512,7.047910833148541,55.25040642963025,2026-02-10 18:00:00+00:00,2026-02-10 12:00:00+00:00,2026-02-10 16:01:28+00:00,5
2026-02-11 00:00:00+00:00,1,958.0195625,43.75,78.5,0.6888476562500045,-1.538438720703125,-1.20687744140625,-2.91096435546875,-2.4715380859375,1.9553380413457833,3.818666519748641,49.667263529018285,2026-02-10 18:00:00+00:00,2026-02-10 12:00:00+00:00,2026-02-10 16:01:28+00:00,6
2026-02-11 01:00:00+00:00,1,957.9869062500001,43.75,78.5,1.4678580729166697,-2.45906005859375,-1.3096085611979167,-3.8129687499999996,-1.8372395833333335,2.7860457561450733,4.232514616046045,64.27338840426115,2026-02-10 18:00:00+00:00,2026-02-10 12:00:00+00:00,2026-02-10 16:01:28+00:00,7
2026-02-11 02:00:00+00:00,1,957.95425,43.75,78.5,2.2468684895833917,-3.379681396484375,-1.4123396809895834,-4.71497314453125,-1.2029410807291667,3.6629154667068597,4.86600852828648,75.68734079314274,2026-02-10 18:00:00+00:00,2026-02-10 12:00:00+00:00,2026-02-10 16:01:28+00:00,8
2026-02-11 03:00:00+00:00,1,957.92159375,43.75,78.5,3.025878906250057,-4.300302734375,-1.5150708007812501,-5.6169775390625,-0.568642578125,4.5593906543147895,5.645687828421729,84.21927644069359,2026-02-10 18:00:00+00:00,2026-02-10 12:00:00+00:00,2026-02-10 16:01:28+00:00,9
2026-02-11 04:00:00+00:00,1,956.8515208333333,43.75,78.5,4.52259114583336,-5.930641276041667,-2.2804964192708335,-7.775332845052084,-1.9167504882812498,6.353988500414227,8.008104225450126,76.15174082054338,2026-02-10 18:00:00+00:00,2026-02-10 12:00:00+00:00,2026-02-10 16:01:28+00:00,10
2026-02-11 05:00:00+00:00,1,955.7814479166668,43.75,78.5,6.01930338541672,-7.560979817708334,-3.0459220377604166,-9.933688151041668,-3.2648583984374997,8.151445078261112,10.456455453163539,71.8061011017583,2026-02-10 18:00:00+00:00,2026-02-10 12:00:00+00:00,2026-02-10 16:01:28+00:00,11
2026-02-11 06:00:00+00:00,1,954.7113750000001,43.75,78.5,7.516015625000023,-9.191318359375,-3.81134765625,-12.09204345703125,-4.61296630859375,9.950211261083169,12.94206216686326,69.11876038288388,2026-02-10 18:00:00+00:00,2026-02-10 12:00:00+00:00,2026-02-10 16:01:28+00:00,12
2026-02-11 07:00:00+00:00,1,955.2661041666668,43.75,78.5,7.688111979166706,-8.913496907552084,-3.9582609049479167,-11.710235188802084,-4.797955729166667,9.752858889196524,12.655038022704705,67.71994640062384,2026-02-10 18:00:00+00:00,2026-02-10 12:00:00+00:00,2026-02-10 16:01:28+00:00,13
2026-02-11 08:00:00+00:00,1,955.8208333333334,43.75,78.5,7.860208333333333,-8.635675455729167,-4.105174153645834,-11.328426920572916,-4.982945149739583,9.561764764333253,12.375903961330437,66.25712752894985,2026-02-10 18:00:00+00:00,2026-02-10 12:00:00+00:00,2026-02-10 16:01:28+00:00,14
2026-02-11 09:00:00+00:00,1,956.3755625000001,43.75,78.5,8.032304687500016,-8.357854003906251,-4.25208740234375,-10.94661865234375,-5.1679345703125,9.377311492521839,12.105205807538802,64.72785032097856,2026-02-10 18:00:00+00:00,2026-02-10 12:00:00+00:00,2026-02-10 16:01:28+00:00,15
2026-02-11 10:00:00+00:00,1,956.9123854166668,43.75,78.5,7.418867187500041,-4.304132486979167,-2.509302571614583,-5.615966796874999,-2.94548583984375,4.982183844598775,6.34152741035805,62.32369980735594,2026-02-10 18:00:00+00:00,2026-02-10 12:00:00+00:00,2026-02-10 16:01:28+00:00,16
2026-02-11 11:00:00+00:00,1,957.4492083333333,43.75,78.5,6.805429687500009,-0.25041097005208357,-0.7665177408854165,-0.2853149414062486,-0.7230371093749994,0.8063839662434441,0.7772948458101379,21.53450052654646,2026-02-10 18:00:00+00:00,2026-02-10 12:00:00+00:00,2026-02-10 16:01:28+00:00,17
2026-02-11 12:00:00+00:00,1,957.9860312500001,43.75,78.5,6.191992187500034,3.803310546875,0.97626708984375,5.0453369140625,1.49941162109375,3.9266103125574605,5.263426620166059,253.4487030344239,2026-02-10 18:00:00+00:00,2026-02-10 12:00:00+00:00,2026-02-10 16:01:28+00:00,18
2026-02-11 13:00:00+00:00,1,958.6560208333335,43.75,78.5,5.147076822916688,5.5726411946614585,2.1708479817708333,7.688111979166667,2.98920654296875,5.980544360206384,8.248783035135133,248.75347439296144,2026-02-10 18:00:00+00:00,2026-02-10 12:00:00+00:00,2026-02-10 16:01:28+00:00,19
2026-02-11 14:00:00+00:00,1,959.3260104166667,43.75,78.5,4.1021614583333985,7.341971842447917,3.3654288736979163,10.330887044270835,4.4790014648437495,8.076550132279108,11.260048012488909,246.56064460568066,2026-02-10 18:00:00+00:00,2026-02-10 12:00:00+00:00,2026-02-10 16:01:28+00:00,20
2026-02-11 15:00:00+00:00,1,959.9960000000001,43.75,78.5,3.0572460937500523,9.111302490234376,4.560009765625,12.973662109375,5.96879638671875,10.188695801286174,14.280841671075953,245.29424626522547,2026-02-10 18:00:00+00:00,2026-02-10 12:00:00+00:00,2026-02-10 16:01:28+00:00,21
2026-02-11 16:00:00+00:00,1,959.846875,43.75,78.5,2.723085937500059,8.483555908203126,3.6004532877604167,11.974327799479168,4.7956534830729165,9.215963580925923,12.89894641352886,248.17416552018608,2026-02-10 18:00:00+00:00,2026-02-10 12:00:00+00:00,2026-02-10 16:01:28+00:00,22
2026-02-11 17:00:00+00:00,1,959.69775,43.75,78.5,2.388925781250009,7.855809326171875,2.6408968098958336,10.974993489583333,3.6225105794270833,8.287826984782381,11.557381407328291,251.7335192959104,2026-02-10 18:00:00+00:00,2026-02-10 12:00:00+00:00,2026-02-10 16:01:28+00:00,23
2026-02-11 18:00:00+00:00,1,959.548625,43.75,78.5,2.054765625000016,7.228062744140625,1.68134033203125,9.9756591796875,2.44936767578125,7.421037417056234,10.271960770974816,256.20481684481376,2026-02-10 18:00:00+00:00,2026-02-10 12:00:00+00:00,2026-02-10 16:01:28+00:00,24
2026-02-11 19:00:00+00:00,1,960.2219791666668,43.75,78.5,1.6797721354166697,7.468155110677084,2.2314754231770833,10.338116861979167,3.1580623372395835,7.794409748106369,10.809718681715502,253.0132659233824,2026-02-10 18:00:00+00:00,2026-02-10 12:00:00+00:00,2026-02-10 16:01:28+00:00,25
2026-02-11 20:00:00+00:00,1,960.8953333333334,43.75,78.5,1.3047786458333803,7.708247477213542,2.7816105143229164,10.700574544270834,3.866756998697917,8.194781035717838,11.377789999137631,250.13218379564051,2026-02-10 18:00:00+00:00,2026-02-10 12:00:00+00:00,2026-02-10 16:01:28+00:00,26
2026-02-11 21:00:00+00:00,1,961.5686875000001,43.75,78.5,0.9297851562500341,7.94833984375,3.33174560546875,11.0630322265625,4.57545166015625,8.618389353661398,11.97186033749087,247.5309789638664,2026-02-10 18:00:00+00:00,2026-02-10 12:00:00+00:00,2026-02-10 16:01:28+00:00,27
2026-02-11 22:00:00+00:00,1,961.7270833333334,43.75,78.5,0.9149023437500432,7.429807942708334,2.8627229817708333,10.37191650390625,4.013011881510416,7.962237683961132,11.121192216895931,248.84798190556012,2026-02-10 18:00:00+00:00,2026-02-10 12:00:00+00:00,2026-02-10 16:01:28+00:00,28
2026-02-11 23:00:00+00:00,1,961.8854791666668,43.75,78.5,0.9000195312499955,6.911276041666667,2.3937003580729166,9.68080078125,3.4505721028645837,7.314064391865448,10.277370850724319,250.38217496325018,2026-02-10 18:00:00+00:00,2026-02-10 12:00:00+00:00,2026-02-10 16:01:28+00:00,29
2026-02-12 00:00:00+00:00,1,962.0438750000001,43.75,78.5,0.8851367187500045,6.392744140625,1.9246777343750001,8.98968505859375,2.88813232421875,6.676193678189254,9.44223203352369,252.18925253878555,2026-02-10 18:00:00+00:00,2026-02-10 12:00:00+00:00,2026-02-10 16:01:28+00:00,30
2026-02-12 01:00:00+00:00,1,962.4904062500001,43.75,78.5,0.9609049479166742,5.831427408854167,1.6089770507812502,8.065568033854166,2.422103678385417,6.0493266381206725,8.421399761178561,253.28489898271283,2026-02-10 18:00:00+00:00,2026-02-10 12:00:00+00:00,2026-02-10 16:01:28+00:00,31
2026-02-12 02:00:00+00:00,1,962.9369375000001,43.75,78.5,1.036673177083344,5.270110677083333,1.2932763671875,7.141451009114583,1.9560750325520835,5.426474943334157,7.404495394593566,254.68212354478294,2026-02-10 18:00:00+00:00,2026-02-10 12:00:00+00:00,2026-02-10 16:01:28+00:00,32
2026-02-12 03:00:00+00:00,1,963.38346875,43.75,78.5,1.1124414062500136,4.7087939453125,0.97757568359375,6.217333984375,1.4900463867187501,4.809198959968848,6.393393473566125,256.5226866552908,2026-02-10 18:00:00+00:00,2026-02-10 12:00:00+00:00,2026-02-10 16:01:28+00:00,33
2026-02-12 04:00:00+00:00,1,963.3020104166667,43.75,78.5,1.5889518229166697,4.589109700520834,0.6653173828125001,5.8557861328125,1.0901839192708334,4.637086915649403,5.956402623318532,259.45386225617557,2026-02-10 18:00:00+00:00,2026-02-10 12:00:00+00:00,2026-02-10 16:01:28+00:00,34
2026-02-12 05:00:00+00:00,1,963.2205520833334,43.75,78.5,2.0654622395833826,4.469425455729167,0.35305908203125,5.49423828125,0.6903214518229167,4.483348594491021,5.537436049111525,262.8386210509335,2026-02-10 18:00:00+00:00,2026-02-10 12:00:00+00:00,2026-02-10 16:01:28+00:00,35
2026-02-12 06:00:00+00:00,1,963.13909375,43.75,78.5,2.5419726562500387,4.3497412109375,0.04080078125,5.1326904296875,0.290458984375,4.349932563371373,5.140902398276961,266.7610859856395,2026-02-10 18:00:00+00:00,2026-02-10 12:00:00+00:00,2026-02-10 16:01:28+00:00,36
2026-02-12 07:00:00+00:00,1,962.234875,43.75,78.5,2.9358463541666993,3.4275162760416666,-0.16396484374999998,3.9543961588541667,0.021350911458333344,3.4314358936918077,3.95445379826098,269.69064676909125,2026-02-10 18:00:00+00:00,2026-02-10 12:00:00+00:00,2026-02-10 16:01:28+00:00,37
2026-02-12 08:00:00+00:00,1,961.3306562500001,43.75,78.5,3.32972005208336,2.5052913411458335,-0.36873046874999993,2.7761018880208335,-0.24775716145833332,2.5322809604395964,2.7871356808965593,275.0999317848914,2026-02-10 18:00:00+00:00,2026-02-10 12:00:00+00:00,2026-02-10 16:01:28+00:00,38
2026-02-12 09:00:00+00:00,1,960.4264375,43.75,78.5,3.7235937500000205,1.58306640625,-0.57349609375,1.5978076171875,-0.516865234375,1.683744937971247,1.6793269044614036,287.92556550775316,2026-02-10 18:00:00+00:00,2026-02-10 12:00:00+00:00,2026-02-10 16:01:28+00:00,39
2026-02-12 10:00:00+00:00,1,960.6514479166667,43.75,78.5,2.8283398437500296,2.3880997721354165,-0.47670166015625004,2.695182291666667,-0.41171874999999997,2.435213541862182,2.726448223314565,278.6854153739089,2026-02-10 18:00:00+00:00,2026-02-10 12:00:00+00:00,2026-02-10 16:01:28+00:00,40
2026-02-12 11:00:00+00:00,1,960.8764583333334,43.75,78.5,1.9330859375000387,3.1931331380208334,-0.37990722656250003,3.792556966145834,-0.30657226562499995,3.2156537030472023,3.804927712258373,274.62146968590423,2026-02-10 18:00:00+00:00,2026-02-10 12:00:00+00:00,2026-02-10 16:01:28+00:00,41
2026-02-12 12:00:00+00:00,1,961.1014687500001,43.75,78.5,1.0378320312500477,3.99816650390625,-0.28311279296875,4.889931640625,-0.20142578125,4.008177671523618,4.894078441886448,272.3587909248088,2026-02-10 18:00:00+00:00,2026-02-10 12:00:00+00:00,2026-02-10 16:01:28+00:00,42
2026-02-12 13:00:00+00:00,1,961.6930625000001,43.75,78.5,0.9534114583333917,4.515103352864584,0.1988688151041666,5.83739501953125,0.44647949218750005,4.519480843268388,5.854444854210539,265.6261859816535,2026-02-10 18:00:00+00:00,2026-02-10 12:00:00+00:00,2026-02-10 16:01:28+00:00,43
2026-02-12 14:00:00+00:00,1,962.28465625,43.75,78.5,0.8689908854166788,5.032040201822917,0.6808504231770832,6.7848583984375,1.094384765625,5.077891874735266,6.872552764590459,260.83721866316085,2026-02-10 18:00:00+00:00,2026-02-10 12:00:00+00:00,2026-02-10 16:01:28+00:00,44
2026-02-12 15:00:00+00:00,1,962.87625,43.75,78.5,0.7845703125000227,5.54897705078125,1.16283203125,7.73232177734375,1.7422900390625,5.669508324625512,7.9261828548552185,257.30186120175273,2026-02-10 18:00:00+00:00,2026-02-10 12:00:00+00:00,2026-02-10 16:01:28+00:00,45
2026-02-12 16:00:00+00:00,1,962.7853229166666,43.75,78.5,0.4523274739583485,5.046614583333334,0.8828434244791666,6.9037247721354165,1.3237491861979167,5.123253972316693,7.0294898561244015,259.14561048823697,2026-02-10 18:00:00+00:00,2026-02-10 12:00:00+00:00,2026-02-10 16:01:28+00:00,46
2026-02-12 17:00:00+00:00,1,962.6943958333334,43.75,78.5,0.12008463541673109,4.544252115885417,0.6028548177083333,6.075127766927084,0.9052083333333334,4.584066014354859,6.14219663566908,261.52514568514636,2026-02-10 18:00:00+00:00,2026-02-10 12:00:00+00:00,2026-02-10 16:01:28+00:00,47
2026-02-12 18:00:00+00:00,1,962.60346875,43.75,78.5,-0.21215820312494316,4.0418896484375,0.3228662109375,5.24653076171875,0.48666748046875,4.0547644222952535,5.269054020429752,264.7004164575407,2026-02-10 18:00:00+00:00,2026-02-10 12:00:00+00:00,2026-02-10 16:01:28+00:00,48
2026-02-10 19:00:00+00:00,2,952.7660833333334,43.75,78.5,1.1053515625000045,-9.312646484375,-5.2492057291666665,-13.806652018229167,-6.719383951822917,10.690161146122083,15.354926266331821,64.04886523009763,2026-02-10 18:00:00+00:00,2026-02-10 12:00:00+00:00,2026-02-10 16:01:28+00:00,1
2026-02-10 20:00:00+00:00,2,952.7646979166668,43.75,78.5,0.7133593750000387,-8.52393310546875,-5.326031087239584,-12.678745930989583,-6.914021809895833,10.051071720406167,14.441409071496457,61.39531444505562,2026-02-10 18:00:00+00:00,2026-02-10 12:00:00+00:00,2026-02-10 16:01:28+00:00,2
2026-02-10 21:00:00+00:00,2,952.7633125,43.75,78.5,0.3213671875000159,-7.7352197265625,-5.4028564453125005,-11.55083984375,-7.10865966796875,9.435278585545657,13.562999055185696,58.39087684248638,2026-02-10 18:00:00+00:00,2026-02-10 12:00:00+00:00,2026-02-10 16:01:28+00:00,3
2026-02-10 22:00:00+00:00,2,954.5153958333333,43.75,78.5,0.4438606770833644,-5.669626057942708,-4.004196777343751,-8.67088134765625,-5.562952473958333,6.941055501045431,10.301971829346662,57.31710330881184,2026-02-10 18:00:00+00:00,2026-02-10 12:00:00+00:00,2026-02-10 16:01:28+00:00,4
2026-02-10 23:00:00+00:00,2,956.2674791666667,43.75,78.5,0.5663541666666561,-3.6040323893229163,-2.6055371093749997,-5.7909228515625,-4.017245279947916,4.447232070807512,7.047910833148541,55.25040642963025,2026-02-10 18:00:00+00:00,2026-02-10 12:00:00+00:00,2026-02-10 16:01:28+00:00,5
2026-02-11 00:00:00+00:00,2,958.0195625,43.75,78.5,0.6888476562500045,-1.538438720703125,-1.20687744140625,-2.91096435546875,-2.4715380859375,1.9553380413457833,3.818666519748641,49.667263529018285,2026-02-10 18:00:00+00:00,2026-02-10 12:00:00+00:00,2026-02-10 16:01:28+00:00,6
2026-02-11 01:00:00+00:00,2,957.9869062500001,43.75,78.5,1.4678580729166697,-2.45906005859375,-1.3096085611979167,-3.8129687499999996,-1.8372395833333335,2.7860457561450733,4.232514616046045,64.27338840426115,2026-02-10 18:00:00+00:00,2026-02-10 12:00:00+00:00,2026-02-10 16:01:28+00:00,7
2026-02-11 02:00:00+00:00,2,957.95425,43.75,78.5,2.2468684895833917,-3.379681396484375,-1.4123396809895834,-4.71497314453125,-1.2029410807291667,3.6629154667068597,4.86600852828648,75.68734079314274,2026-02-10 18:00:00+00:00,2026-02-10 12:00:00+00:00,2026-02-10 16:01:28+00:00,8
2026-02-11 03:00:00+00:00,2,957.92159375,43.75,78.5,3.025878906250057,-4.300302734375,-1.5150708007812501,-5.6169775390625,-0.568642578125,4.5593906543147895,5.645687828421729,84.21927644069359,2026-02-10 18:00:00+00:00,2026-02-10 12:00:00+00:00,2026-02-10 16:01:28+00:00,9
2026-02-11 04:00:00+00:00,2,956.8515208333333,43.75,78.5,4.52259114583336,-5.930641276041667,-2.2804964192708335,-7.775332845052084,-1.9167504882812498,6.353988500414227,8.008104225450126,76.15174082054338,2026-02-10 18:00:00+00:00,2026-02-10 12:00:00+00:00,2026-02-10 16:01:28+00:00,10
2026-02-11 05:00:00+00:00,2,955.7814479166668,43.75,78.5,6.01930338541672,-7.560979817708334,-3.0459220377604166,-9.933688151041668,-3.2648583984374997,8.151445078261112,10.456455453163539,71.8061011017583,2026-02-10 18:00:00+00:00,2026-02-10 12:00:00+00:00,2026-02-10 16:01:28+00:00,11
2026-02-11 06:00:00+00:00,2,954.7113750000001,43.75,78.5,7.516015625000023,-9.191318359375,-3.81134765625,-12.09204345703125,-4.61296630859375,9.950211261083169,12.94206216686326,69.11876038288388,2026-02-10 18:00:00+00:00,2026-02-10 12:00:00+00:00,2026-02-10 16:01:28+00:00,12
2026-02-11 07:00:00+00:00,2,955.2661041666668,43.75,78.5,7.688111979166706,-8.913496907552084,-3.9582609049479167,-11.710235188802084,-4.797955729166667,9.752858889196524,12.655038022704705,67.71994640062384,2026-02-10 18:00:00+00:00,2026-02-10 12:00:00+00:00,2026-02-10 16:01:28+00:00,13
2026-02-11 08:00:00+00:00,2,955.8208333333334,43.75,78.5,7.860208333333333,-8.635675455729167,-4.105174153645834,-11.328426920572916,-4.982945149739583,9.561764764333253,12.375903961330437,66.25712752894985,2026-02-10 18:00:00+00:00,2026-02-10 12:00:00+00:00,2026-02-10 16:01:28+00:00,14
2026-02-11 09:00:00+00:00,2,956.3755625000001,43.75,78.5,8.032304687500016,-8.357854003906251,-4.25208740234375,-10.94661865234375,-5.1679345703125,9.377311492521839,12.105205807538802,64.72785032097856,2026-02-10 18:00:00+00:00,2026-02-10 12:00:00+00:00,2026-02-10 16:01:28+00:00,15
2026-02-11 10:00:00+00:00,2,956.9123854166668,43.75,78.5,7.418867187500041,-4.304132486979167,-2.509302571614583,-5.615966796874999,-2.94548583984375,4.982183844598775,6.34152741035805,62.32369980735594,2026-02-10 18:00:00+00:00,2026-02-10 12:00:00+00:00,2026-02-10 16:01:28+00:00,16
2026-02-11 11:00:00+00:00,2,957.4492083333333,43.75,78.5,6.805429687500009,-0.25041097005208357,-0.7665177408854165,-0.2853149414062486,-0.7230371093749994,0.8063839662434441,0.7772948458101379,21.53450052654646,2026-02-10 18:00:00+00:00,2026-02-10 12:00:00+00:00,2026-02-10 16:01:28+00:00,17
2026-02-11 12:00:00+00:00,2,957.9860312500001,43.75,78.5,6.191992187500034,3.803310546875,0.97626708984375,5.0453369140625,1.49941162109375,3.9266103125574605,5.263426620166059,253.4487030344239,2026-02-10 18:00:00+00:00,2026-02-10 12:00:00+00:00,2026-02-10 16:01:28+00:00,18
2026-02-11 13:00:00+00:00,2,958.6560208333335,43.75,78.5,5.147076822916688,5.5726411946614585,2.1708479817708333,7.688111979166667,2.98920654296875,5.980544360206384,8.248783035135133,248.75347439296144,2026-02-10 18:00:00+00:00,2026-02-10 12:00:00+00:00,2026-02-10 16:01:28+00:00,19
2026-02-11 14:00:00+00:00,2,959.3260104166667,43.75,78.5,4.1021614583333985,7.341971842447917,3.3654288736979163,10.330887044270835,4.4790014648437495,8.076550132279108,11.260048012488909,246.56064460568066,2026-02-10 18:00:00+00:00,2026-02-10 12:00:00+00:00,2026-02-10 16:01:28+00:00,20
2026-02-11 15:00:00+00:00,2,959.9960000000001,43.75,78.5,3.0572460937500523,9.111302490234376,4.560009765625,12.973662109375,5.96879638671875,10.188695801286174,14.280841671075953,245.29424626522547,2026-02-10 18:00:00+00:00,2026-02-10 12:00:00+00:00,2026-02-10 16:01:28+00:00,21
2026-02-11 16:00:00+00:00,2,959.846875,43.75,78.5,2.723085937500059,8.483555908203126,3.6004532877604167,11.974327799479168,4.7956534830729165,9.215963580925923,12.89894641352886,248.17416552018608,2026-02-10 18:00:00+00:00,2026-02-10 12:00:00+00:00,2026-02-10 16:01:28+00:00,22
2026-02-11 17:00:00+00:00,2,959.69775,43.75,78.5,2.388925781250009,7.855809326171875,2.6408968098958336,10.974993489583333,3.6225105794270833,8.287826984782381,11.557381407328291,251.7335192959104,2026-02-10 18:00:00+00:00,2026-02-10 12:00:00+00:00,2026-02-10 16:01:28+00:00,23
2026-02-11 18:00:00+00:00,2,959.548625,43.75,78.5,2.054765625000016,7.228062744140625,1.68134033203125,9.9756591796875,2.44936767578125,7.421037417056234,10.271960770974816,256.20481684481376,2026-02-10 18:00:00+00:00,2026-02-10 12:00:00+00:00,2026-02-10 16:01:28+00:00,24
2026-02-11 19:00:00+00:00,2,960.2219791666668,43.75,78.5,1.6797721354166697,7.468155110677084,2.2314754231770833,10.338116861979167,3.1580623372395835,7.794409748106369,10.809718681715502,253.0132659233824,2026-02-10 18:00:00+00:00,2026-02-10 12:00:00+00:00,2026-02-10 16:01:28+00:00,25
2026-02-11 20:00:00+00:00,2,960.8953333333334,43.75,78.5,1.3047786458333803,7.708247477213542,2.7816105143229164,10.700574544270834,3.866756998697917,8.194781035717838,11.377789999137631,250.13218379564051,2026-02-10 18:00:00+00:00,2026-02-10 12:00:00+00:00,2026-02-10 16:01:28+00:00,26
2026-02-11 21:00:00+00:00,2,961.5686875000001,43.75,78.5,0.9297851562500341,7.94833984375,3.33174560546875,11.0630322265625,4.57545166015625,8.618389353661398,11.97186033749087,247.5309789638664,2026-02-10 18:00:00+00:00,2026-02-10 12:00:00+00:00,2026-02-10 16:01:28+00:00,27
2026-02-11 22:00:00+00:00,2,961.7270833333334,43.75,78.5,0.9149023437500432,7.429807942708334,2.8627229817708333,10.37191650390625,4.013011881510416,7.962237683961132,11.121192216895931,248.84798190556012,2026-02-10 18:00:00+00:00,2026-02-10 12:00:00+00:00,2026-02-10 16:01:28+00:00,28
2026-02-11 23:00:00+00:00,2,961.8854791666668,43.75,78.5,0.9000195312499955,6.911276041666667,2.3937003580729166,9.68080078125,3.4505721028645837,7.314064391865448,10.277370850724319,250.38217496325018,2026-02-10 18:00:00+00:00,2026-02-10 12:00:00+00:00,2026-02-10 16:01:28+00:00,29
2026-02-12 00:00:00+00:00,2,962.0438750000001,43.75,78.5,0.8851367187500045,6.392744140625,1.9246777343750001,8.98968505859375,2.88813232421875,6.676193678189254,9.44223203352369,252.18925253878555,2026-02-10 18:00:00+00:00,2026-02-10 12:00:00+00:00,2026-02-10 16:01:28+00:00,30
2026-02-12 01:00:00+00:00,2,962.4904062500001,43.75,78.5,0.9609049479166742,5.831427408854167,1.6089770507812502,8.065568033854166,2.422103678385417,6.0493266381206725,8.421399761178561,253.28489898271283,2026-02-10 18:00:00+00:00,2026-02-10 12:00:00+00:00,2026-02-10 16:01:28+00:00,31
2026-02-12 02:00:00+00:00,2,962.9369375000001,43.75,78.5,1.036673177083344,5.270110677083333,1.2932763671875,7.141451009114583,1.9560750325520835,5.426474943334157,7.404495394593566,254.68212354478294,2026-02-10 18:00:00+00:00,2026-02-10 12:00:00+00:00,2026-02-10 16:01:28+00:00,32
2026-02-12 03:00:00+00:00,2,963.38346875,43.75,78.5,1.1124414062500136,4.7087939453125,0.97757568359375,6.217333984375,1.4900463867187501,4.809198959968848,6.393393473566125,256.5226866552908,2026-02-10 18:00:00+00:00,2026-02-10 12:00:00+00:00,2026-02-10 16:01:28+00:00,33
2026-02-12 04:00:00+00:00,2,963.3020104166667,43.75,78.5,1.5889518229166697,4.589109700520834,0.6653173828125001,5.8557861328125,1.0901839192708334,4.637086915649403,5.956402623318532,259.45386225617557,2026-02-10 18:00:00+00:00,2026-02-10 12:00:00+00:00,2026-02-10 16:01:28+00:00,34
2026-02-12 05:00:00+00:00,2,963.2205520833334,43.75,78.5,2.0654622395833826,4.469425455729167,0.35305908203125,5.49423828125,0.6903214518229167,4.483348594491021,5.537436049111525,262.8386210509335,2026-02-10 18:00:00+00:00,2026-02-10 12:00:00+00:00,2026-02-10 16:01:28+00:00,35
2026-02-12 06:00:00+00:00,2,963.13909375,43.75,78.5,2.5419726562500387,4.3497412109375,0.04080078125,5.1326904296875,0.290458984375,4.349932563371373,5.140902398276961,266.7610859856395,2026-02-10 18:00:00+00:00,2026-02-10 12:00:00+00:00,2026-02-10 16:01:28+00:00,36
2026-02-12 07:00:00+00:00,2,962.234875,43.75,78.5,2.9358463541666993,3.4275162760416666,-0.16396484374999998,3.9543961588541667,0.021350911458333344,3.4314358936918077,3.95445379826098,269.69064676909125,2026-02-10 18:00:00+00:00,2026-02-10 12:00:00+00:00,2026-02-10 16:01:28+00:00,37
2026-02-12 08:00:00+00:00,2,961.3306562500001,43.75,78.5,3.32972005208336,2.5052913411458335,-0.36873046874999993,2.7761018880208335,-0.24775716145833332,2.5322809604395964,2.7871356808965593,275.0999317848914,2026-02-10 18:00:00+00:00,2026-02-10 12:00:00+00:00,2026-02-10 16:01:28+00:00,38
2026-02-12 09:00:00+00:00,2,960.4264375,43.75,78.5,3.7235937500000205,1.58306640625,-0.57349609375,1.5978076171875,-0.516865234375,1.683744937971247,1.6793269044614036,287.92556550775316,2026-02-10 18:00:00+00:00,2026-02-10 12:00:00+00:00,2026-02-10 16:01:28+00:00,39
2026-02-12 10:00:00+00:00,2,960.6514479166667,43.75,78.5,2.8283398437500296,2.3880997721354165,-0.47670166015625004,2.695182291666667,-0.41171874999999997,2.435213541862182,2.726448223314565,278.6854153739089,2026-02-10 18:00:00+00:00,2026-02-10 12:00:00+00:00,2026-02-10 16:01:28+00:00,40
2026-02-12 11:00:00+00:00,2,960.8764583333334,43.75,78.5,1.9330859375000387,3.1931331380208334,-0.37990722656250003,3.792556966145834,-0.30657226562499995,3.2156537030472023,3.804927712258373,274.62146968590423,2026-02-10 18:00:00+00:00,2026-02-10 12:00:00+00:00,2026-02-10 16:01:28+00:00,41
2026-02-12 12:00:00+00:00,2,961.1014687500001,43.75,78.5,1.0378320312500477,3.99816650390625,-0.28311279296875,4.889931640625,-0.20142578125,4.008177671523618,4.894078441886448,272.3587909248088,2026-02-10 18:00:00+00:00,2026-02-10 12:00:00+00:00,2026-02-10 16:01:28+00:00,42
2026-02-12 13:00:00+00:00,2,961.6930625000001,43.75,78.5,0.9534114583333917,4.515103352864584,0.1988688151041666,5.83739501953125,0.44647949218750005,4.519480843268388,5.854444854210539,265.6261859816535,2026-02-10 18:00:00+00:00,2026-02-10 12:00:00+00:00,2026-02-10 16:01:28+00:00,43
2026-02-12 14:00:00+00:00,2,962.28465625,43.75,78.5,0.8689908854166788,5.032040201822917,0.6808504231770832,6.7848583984375,1.094384765625,5.077891874735266,6.872552764590459,260.83721866316085,2026-02-10 18:00:00+00:00,2026-02-10 12:00:00+00:00,2026-02-10 16:01:28+00:00,44
2026-02-12 15:00:00+00:00,2,962.87625,43.75,78.5,0.7845703125000227,5.54897705078125,1.16283203125,7.73232177734375,1.7422900390625,5.669508324625512,7.9261828548552185,257.30186120175273,2026-02-10 18:00:00+00:00,2026-02-10 12:00:00+00:00,2026-02-10 16:01:28+00:00,45
2026-02-12 16:00:00+00:00,2,962.7853229166666,43.75,78.5,0.4523274739583485,5.046614583333334,0.8828434244791666,6.9037247721354165,1.3237491861979167,5.123253972316693,7.0294898561244015,259.14561048823697,2026-02-10 18:00:00+00:00,2026-02-10 12:00:00+00:00,2026-02-10 16:01:28+00:00,46
2026-02-12 17:00:00+00:00,2,962.6943958333334,43.75,78.5,0.12008463541673109,4.544252115885417,0.6028548177083333,6.075127766927084,0.9052083333333334,4.584066014354859,6.14219663566908,261.52514568514636,2026-02-10 18:00:00+00:00,2026-02-10 12:00:00+00:00,2026-02-10 16:01:28+00:00,47
2026-02-12 18:00:00+00:00,2,962.60346875,43.75,78.5,-0.21215820312494316,4.0418896484375,0.3228662109375,5.24653076171875,0.48666748046875,4.0547644222952535,5.269054020429752,264.7004164575407,2026-02-10 18:00:00+00:00,2026-02-10 12:00:00+00:00,2026-02-10 16:01:28+00:00,48
